# Blender 4.4.0
# www.blender.org
mtllib upshroom.mtl
o Mushroom
v 0.500000 0.377778 0.100000
v 0.578036 0.377778 0.107686
v 0.653073 0.377778 0.130448
v 0.722228 0.377778 0.167412
v 0.782843 0.377778 0.217157
v 0.832588 0.377778 0.277772
v 0.869552 0.377778 0.346927
v 0.892314 0.377778 0.421964
v 0.900000 0.377778 0.500000
v 0.892314 0.377778 0.578036
v 0.869552 0.377778 0.653073
v 0.832588 0.377778 0.722228
v 0.782843 0.377778 0.782843
v 0.722228 0.377778 0.832588
v 0.653073 0.377778 0.869552
v 0.578036 0.377778 0.892314
v 0.500000 0.377778 0.900000
v 0.421964 0.377778 0.892314
v 0.346927 0.377778 0.869552
v 0.277772 0.377778 0.832588
v 0.217157 0.377778 0.782843
v 0.167412 0.377778 0.722228
v 0.130448 0.377778 0.653073
v 0.107686 0.377778 0.578036
v 0.100000 0.377778 0.500000
v 0.107686 0.377778 0.421964
v 0.130448 0.377778 0.346927
v 0.167412 0.377778 0.277772
v 0.217157 0.377778 0.217157
v 0.277772 0.377778 0.167412
v 0.346927 0.377778 0.130448
v 0.421964 0.377778 0.107686
v 0.500000 0.822222 0.500000
v 0.500000 0.022222 0.260000
v 0.500000 0.377778 0.260000
v 0.546822 0.022222 0.264612
v 0.546822 0.377778 0.264612
v 0.591844 0.022222 0.278269
v 0.591844 0.377778 0.278269
v 0.633337 0.022222 0.300447
v 0.633337 0.377778 0.300447
v 0.669706 0.022222 0.330294
v 0.669706 0.377778 0.330294
v 0.699553 0.022222 0.366663
v 0.699553 0.377778 0.366663
v 0.721731 0.022222 0.408156
v 0.721731 0.377778 0.408156
v 0.735388 0.022222 0.453178
v 0.735388 0.377778 0.453178
v 0.740000 0.022222 0.500000
v 0.740000 0.377778 0.500000
v 0.735388 0.022222 0.546822
v 0.735388 0.377778 0.546822
v 0.721731 0.022222 0.591844
v 0.721731 0.377778 0.591844
v 0.699553 0.022222 0.633337
v 0.699553 0.377778 0.633337
v 0.669706 0.022222 0.669706
v 0.669706 0.377778 0.669706
v 0.633337 0.022222 0.699553
v 0.633337 0.377778 0.699553
v 0.591844 0.022222 0.721731
v 0.591844 0.377778 0.721731
v 0.546822 0.022222 0.735388
v 0.546822 0.377778 0.735388
v 0.500000 0.022222 0.740000
v 0.500000 0.377778 0.740000
v 0.453178 0.022222 0.735388
v 0.453178 0.377778 0.735388
v 0.408156 0.022222 0.721731
v 0.408156 0.377778 0.721731
v 0.366663 0.022222 0.699553
v 0.366663 0.377778 0.699553
v 0.330294 0.022222 0.669706
v 0.330294 0.377778 0.669706
v 0.300447 0.022222 0.633337
v 0.300447 0.377778 0.633337
v 0.278269 0.022222 0.591844
v 0.278269 0.377778 0.591844
v 0.264612 0.022222 0.546822
v 0.264612 0.377778 0.546822
v 0.260000 0.022222 0.500000
v 0.260000 0.377778 0.500000
v 0.264612 0.022222 0.453178
v 0.264612 0.377778 0.453178
v 0.278269 0.022222 0.408156
v 0.278269 0.377778 0.408156
v 0.300447 0.022222 0.366663
v 0.300447 0.377778 0.366663
v 0.330294 0.022222 0.330294
v 0.330294 0.377778 0.330294
v 0.366663 0.022222 0.300447
v 0.366663 0.377778 0.300447
v 0.408156 0.022222 0.278269
v 0.408156 0.377778 0.278269
v 0.453178 0.022222 0.264612
v 0.453178 0.377778 0.264612
v 0.900000 0.377778 0.500000
v 0.889282 0.433333 0.500000
v 0.860000 0.474003 0.500000
v 0.820000 0.488889 0.500000
v 0.780000 0.474003 0.500000
v 0.750718 0.433333 0.500000
v 0.740000 0.377778 0.500000
v 0.750718 0.322222 0.500000
v 0.780000 0.281553 0.500000
v 0.820000 0.266667 0.500000
v 0.860000 0.281553 0.500000
v 0.889282 0.322222 0.500000
v 0.896578 0.377778 0.447790
v 0.885952 0.433333 0.449189
v 0.856920 0.474003 0.453011
v 0.817262 0.488889 0.458232
v 0.777605 0.474003 0.463453
v 0.748573 0.433333 0.467275
v 0.737947 0.377778 0.468674
v 0.748573 0.322222 0.467275
v 0.777605 0.281553 0.463453
v 0.817262 0.266667 0.458232
v 0.856920 0.281553 0.453011
v 0.885952 0.322222 0.449189
v 0.886370 0.377778 0.396472
v 0.876018 0.433333 0.399246
v 0.847733 0.474003 0.406825
v 0.809096 0.488889 0.417178
v 0.770459 0.474003 0.427531
v 0.742175 0.433333 0.435109
v 0.731822 0.377778 0.437883
v 0.742175 0.322222 0.435109
v 0.770459 0.281553 0.427531
v 0.809096 0.266667 0.417178
v 0.847733 0.281553 0.406825
v 0.876018 0.322222 0.399246
v 0.869552 0.377778 0.346927
v 0.859650 0.433333 0.351028
v 0.832597 0.474003 0.362234
v 0.795641 0.488889 0.377541
v 0.758686 0.474003 0.392849
v 0.731633 0.433333 0.404054
v 0.721731 0.377778 0.408156
v 0.731633 0.322222 0.404054
v 0.758686 0.281553 0.392849
v 0.795641 0.266667 0.377541
v 0.832597 0.281553 0.362234
v 0.859650 0.322222 0.351028
v 0.846410 0.377778 0.300000
v 0.837128 0.433333 0.305359
v 0.811769 0.474003 0.320000
v 0.777128 0.488889 0.340000
v 0.742487 0.474003 0.360000
v 0.717128 0.433333 0.374641
v 0.707846 0.377778 0.380000
v 0.717128 0.322222 0.374641
v 0.742487 0.281553 0.360000
v 0.777128 0.266667 0.340000
v 0.811769 0.281553 0.320000
v 0.837128 0.322222 0.305359
v 0.817341 0.377778 0.256495
v 0.808838 0.433333 0.263020
v 0.785607 0.474003 0.280846
v 0.753873 0.488889 0.305196
v 0.722139 0.474003 0.329547
v 0.698908 0.433333 0.347373
v 0.690405 0.377778 0.353897
v 0.698908 0.322222 0.347373
v 0.722139 0.281553 0.329547
v 0.753873 0.266667 0.305196
v 0.785607 0.281553 0.280846
v 0.808838 0.322222 0.263020
v 0.782843 0.377778 0.217157
v 0.775264 0.433333 0.224736
v 0.754558 0.474003 0.245442
v 0.726274 0.488889 0.273726
v 0.697990 0.474003 0.302010
v 0.677284 0.433333 0.322716
v 0.669706 0.377778 0.330294
v 0.677284 0.322222 0.322716
v 0.697990 0.281553 0.302010
v 0.726274 0.266667 0.273726
v 0.754558 0.281553 0.245442
v 0.775264 0.322222 0.224736
v 0.743505 0.377778 0.182659
v 0.736980 0.433333 0.191162
v 0.719154 0.474003 0.214393
v 0.694804 0.488889 0.246127
v 0.670453 0.474003 0.277861
v 0.652627 0.433333 0.301092
v 0.646103 0.377778 0.309595
v 0.652627 0.322222 0.301092
v 0.670453 0.281553 0.277861
v 0.694804 0.266667 0.246127
v 0.719154 0.281553 0.214393
v 0.736980 0.322222 0.191162
v 0.700000 0.377778 0.153590
v 0.694641 0.433333 0.162872
v 0.680000 0.474003 0.188231
v 0.660000 0.488889 0.222872
v 0.640000 0.474003 0.257513
v 0.625359 0.433333 0.282872
v 0.620000 0.377778 0.292154
v 0.625359 0.322222 0.282872
v 0.640000 0.281553 0.257513
v 0.660000 0.266667 0.222872
v 0.680000 0.281553 0.188231
v 0.694641 0.322222 0.162872
v 0.653073 0.377778 0.130448
v 0.648972 0.433333 0.140350
v 0.637766 0.474003 0.167403
v 0.622459 0.488889 0.204359
v 0.607151 0.474003 0.241314
v 0.595946 0.433333 0.268367
v 0.591844 0.377778 0.278269
v 0.595946 0.322222 0.268367
v 0.607151 0.281553 0.241314
v 0.622459 0.266667 0.204359
v 0.637766 0.281553 0.167403
v 0.648972 0.322222 0.140350
v 0.603528 0.377778 0.113630
v 0.600754 0.433333 0.123982
v 0.593175 0.474003 0.152267
v 0.582822 0.488889 0.190904
v 0.572469 0.474003 0.229541
v 0.564891 0.433333 0.257825
v 0.562117 0.377778 0.268178
v 0.564891 0.322222 0.257825
v 0.572469 0.281553 0.229541
v 0.582822 0.266667 0.190904
v 0.593175 0.281553 0.152267
v 0.600754 0.322222 0.123982
v 0.552210 0.377778 0.103422
v 0.550811 0.433333 0.114048
v 0.546989 0.474003 0.143080
v 0.541768 0.488889 0.182738
v 0.536547 0.474003 0.222395
v 0.532725 0.433333 0.251427
v 0.531326 0.377778 0.262053
v 0.532725 0.322222 0.251427
v 0.536547 0.281553 0.222395
v 0.541768 0.266667 0.182738
v 0.546989 0.281553 0.143080
v 0.550811 0.322222 0.114048
v 0.500000 0.377778 0.100000
v 0.500000 0.433333 0.110718
v 0.500000 0.474003 0.140000
v 0.500000 0.488889 0.180000
v 0.500000 0.474003 0.220000
v 0.500000 0.433333 0.249282
v 0.500000 0.377778 0.260000
v 0.500000 0.322222 0.249282
v 0.500000 0.281553 0.220000
v 0.500000 0.266667 0.180000
v 0.500000 0.281553 0.140000
v 0.500000 0.322222 0.110718
v 0.447789 0.377778 0.103422
v 0.449188 0.433333 0.114048
v 0.453011 0.474003 0.143080
v 0.458232 0.488889 0.182738
v 0.463453 0.474003 0.222395
v 0.467275 0.433333 0.251427
v 0.468674 0.377778 0.262053
v 0.467275 0.322222 0.251427
v 0.463453 0.281553 0.222395
v 0.458232 0.266667 0.182738
v 0.453011 0.281553 0.143080
v 0.449188 0.322222 0.114048
v 0.396472 0.377778 0.113630
v 0.399246 0.433333 0.123982
v 0.406825 0.474003 0.152267
v 0.417178 0.488889 0.190904
v 0.427531 0.474003 0.229541
v 0.435109 0.433333 0.257825
v 0.437883 0.377778 0.268178
v 0.435109 0.322222 0.257825
v 0.427531 0.281553 0.229541
v 0.417178 0.266667 0.190904
v 0.406825 0.281553 0.152267
v 0.399246 0.322222 0.123982
v 0.346927 0.377778 0.130448
v 0.351028 0.433333 0.140350
v 0.362234 0.474003 0.167403
v 0.377541 0.488889 0.204359
v 0.392849 0.474003 0.241314
v 0.404054 0.433333 0.268367
v 0.408156 0.377778 0.278269
v 0.404054 0.322222 0.268367
v 0.392849 0.281553 0.241314
v 0.377541 0.266667 0.204359
v 0.362234 0.281553 0.167403
v 0.351028 0.322222 0.140350
v 0.300000 0.377778 0.153590
v 0.305359 0.433333 0.162872
v 0.320000 0.474003 0.188231
v 0.340000 0.488889 0.222872
v 0.360000 0.474003 0.257513
v 0.374641 0.433333 0.282872
v 0.380000 0.377778 0.292154
v 0.374641 0.322222 0.282872
v 0.360000 0.281553 0.257513
v 0.340000 0.266667 0.222872
v 0.320000 0.281553 0.188231
v 0.305359 0.322222 0.162872
v 0.256495 0.377778 0.182659
v 0.263020 0.433333 0.191162
v 0.280846 0.474003 0.214393
v 0.305196 0.488889 0.246127
v 0.329547 0.474003 0.277861
v 0.347373 0.433333 0.301092
v 0.353897 0.377778 0.309595
v 0.347373 0.322222 0.301092
v 0.329547 0.281553 0.277861
v 0.305196 0.266667 0.246127
v 0.280846 0.281553 0.214393
v 0.263020 0.322222 0.191162
v 0.217157 0.377778 0.217157
v 0.224736 0.433333 0.224736
v 0.245441 0.474003 0.245442
v 0.273726 0.488889 0.273726
v 0.302010 0.474003 0.302010
v 0.322716 0.433333 0.322716
v 0.330294 0.377778 0.330294
v 0.322716 0.322222 0.322716
v 0.302010 0.281553 0.302010
v 0.273726 0.266667 0.273726
v 0.245441 0.281553 0.245442
v 0.224736 0.322222 0.224736
v 0.182659 0.377778 0.256495
v 0.191162 0.433333 0.263020
v 0.214393 0.474003 0.280846
v 0.246127 0.488889 0.305196
v 0.277861 0.474003 0.329547
v 0.301092 0.433333 0.347373
v 0.309595 0.377778 0.353897
v 0.301092 0.322222 0.347373
v 0.277861 0.281553 0.329547
v 0.246127 0.266667 0.305196
v 0.214393 0.281553 0.280846
v 0.191162 0.322222 0.263020
v 0.153590 0.377778 0.300000
v 0.162872 0.433333 0.305359
v 0.188231 0.474003 0.320000
v 0.222872 0.488889 0.340000
v 0.257513 0.474003 0.360000
v 0.282872 0.433333 0.374641
v 0.292154 0.377778 0.380000
v 0.282872 0.322222 0.374641
v 0.257513 0.281553 0.360000
v 0.222872 0.266667 0.340000
v 0.188231 0.281553 0.320000
v 0.162872 0.322222 0.305359
v 0.130448 0.377778 0.346927
v 0.140350 0.433333 0.351028
v 0.167403 0.474003 0.362234
v 0.204359 0.488889 0.377541
v 0.241314 0.474003 0.392849
v 0.268367 0.433333 0.404054
v 0.278269 0.377778 0.408156
v 0.268367 0.322222 0.404054
v 0.241314 0.281553 0.392849
v 0.204359 0.266667 0.377541
v 0.167403 0.281553 0.362234
v 0.140350 0.322222 0.351028
v 0.113630 0.377778 0.396472
v 0.123982 0.433333 0.399246
v 0.152267 0.474003 0.406825
v 0.190904 0.488889 0.417178
v 0.229541 0.474003 0.427531
v 0.257825 0.433333 0.435109
v 0.268178 0.377778 0.437883
v 0.257825 0.322222 0.435109
v 0.229541 0.281553 0.427531
v 0.190904 0.266667 0.417178
v 0.152267 0.281553 0.406825
v 0.123982 0.322222 0.399246
v 0.103422 0.377778 0.447789
v 0.114048 0.433333 0.449188
v 0.143080 0.474003 0.453011
v 0.182738 0.488889 0.458232
v 0.222395 0.474003 0.463453
v 0.251427 0.433333 0.467275
v 0.262053 0.377778 0.468674
v 0.251427 0.322222 0.467275
v 0.222395 0.281553 0.463453
v 0.182738 0.266667 0.458232
v 0.143080 0.281553 0.453011
v 0.114048 0.322222 0.449188
v 0.100000 0.377778 0.500000
v 0.110718 0.433333 0.500000
v 0.140000 0.474003 0.500000
v 0.180000 0.488889 0.500000
v 0.220000 0.474003 0.500000
v 0.249282 0.433333 0.500000
v 0.260000 0.377778 0.500000
v 0.249282 0.322222 0.500000
v 0.220000 0.281553 0.500000
v 0.180000 0.266667 0.500000
v 0.140000 0.281553 0.500000
v 0.110718 0.322222 0.500000
v 0.103422 0.377778 0.552211
v 0.114048 0.433333 0.550812
v 0.143080 0.474003 0.546990
v 0.182738 0.488889 0.541768
v 0.222395 0.474003 0.536547
v 0.251427 0.433333 0.532725
v 0.262053 0.377778 0.531326
v 0.251427 0.322222 0.532725
v 0.222395 0.281553 0.536547
v 0.182738 0.266667 0.541768
v 0.143080 0.281553 0.546990
v 0.114048 0.322222 0.550812
v 0.113630 0.377778 0.603528
v 0.123982 0.433333 0.600754
v 0.152267 0.474003 0.593175
v 0.190904 0.488889 0.582822
v 0.229541 0.474003 0.572469
v 0.257825 0.433333 0.564891
v 0.268178 0.377778 0.562117
v 0.257825 0.322222 0.564891
v 0.229541 0.281553 0.572469
v 0.190904 0.266667 0.582822
v 0.152267 0.281553 0.593175
v 0.123982 0.322222 0.600754
v 0.130448 0.377778 0.653073
v 0.140350 0.433333 0.648972
v 0.167403 0.474003 0.637766
v 0.204358 0.488889 0.622459
v 0.241314 0.474003 0.607151
v 0.268367 0.433333 0.595946
v 0.278269 0.377778 0.591844
v 0.268367 0.322222 0.595946
v 0.241314 0.281553 0.607151
v 0.204358 0.266667 0.622459
v 0.167403 0.281553 0.637766
v 0.140350 0.322222 0.648972
v 0.153590 0.377778 0.700000
v 0.162872 0.433333 0.694641
v 0.188231 0.474003 0.680000
v 0.222872 0.488889 0.660000
v 0.257513 0.474003 0.640000
v 0.282872 0.433333 0.625359
v 0.292154 0.377778 0.620000
v 0.282872 0.322222 0.625359
v 0.257513 0.281553 0.640000
v 0.222872 0.266667 0.660000
v 0.188231 0.281553 0.680000
v 0.162872 0.322222 0.694641
v 0.182659 0.377778 0.743505
v 0.191162 0.433333 0.736980
v 0.214393 0.474003 0.719154
v 0.246127 0.488889 0.694804
v 0.277861 0.474003 0.670453
v 0.301092 0.433333 0.652627
v 0.309595 0.377778 0.646103
v 0.301092 0.322222 0.652627
v 0.277861 0.281553 0.670453
v 0.246127 0.266667 0.694804
v 0.214393 0.281553 0.719154
v 0.191162 0.322222 0.736980
v 0.217157 0.377778 0.782843
v 0.224736 0.433333 0.775264
v 0.245441 0.474003 0.754558
v 0.273726 0.488889 0.726274
v 0.302010 0.474003 0.697990
v 0.322716 0.433333 0.677284
v 0.330294 0.377778 0.669706
v 0.322716 0.322222 0.677284
v 0.302010 0.281553 0.697990
v 0.273726 0.266667 0.726274
v 0.245441 0.281553 0.754558
v 0.224736 0.322222 0.775264
v 0.256495 0.377778 0.817341
v 0.263020 0.433333 0.808838
v 0.280846 0.474003 0.785607
v 0.305196 0.488889 0.753873
v 0.329547 0.474003 0.722139
v 0.347372 0.433333 0.698908
v 0.353897 0.377778 0.690405
v 0.347372 0.322222 0.698908
v 0.329547 0.281553 0.722139
v 0.305196 0.266667 0.753873
v 0.280846 0.281553 0.785607
v 0.263020 0.322222 0.808838
v 0.300000 0.377778 0.846410
v 0.305359 0.433333 0.837128
v 0.320000 0.474003 0.811769
v 0.340000 0.488889 0.777128
v 0.360000 0.474003 0.742487
v 0.374641 0.433333 0.717128
v 0.380000 0.377778 0.707846
v 0.374641 0.322222 0.717128
v 0.360000 0.281553 0.742487
v 0.340000 0.266667 0.777128
v 0.320000 0.281553 0.811769
v 0.305359 0.322222 0.837128
v 0.346927 0.377778 0.869552
v 0.351028 0.433333 0.859650
v 0.362234 0.474003 0.832597
v 0.377541 0.488889 0.795641
v 0.392849 0.474003 0.758686
v 0.404054 0.433333 0.731633
v 0.408156 0.377778 0.721731
v 0.404054 0.322222 0.731633
v 0.392849 0.281553 0.758686
v 0.377541 0.266667 0.795641
v 0.362234 0.281553 0.832597
v 0.351028 0.322222 0.859650
v 0.396472 0.377778 0.886370
v 0.399246 0.433333 0.876018
v 0.406825 0.474003 0.847733
v 0.417178 0.488889 0.809096
v 0.427531 0.474003 0.770459
v 0.435109 0.433333 0.742175
v 0.437883 0.377778 0.731822
v 0.435109 0.322222 0.742175
v 0.427531 0.281553 0.770459
v 0.417178 0.266667 0.809096
v 0.406825 0.281553 0.847733
v 0.399246 0.322222 0.876018
v 0.447789 0.377778 0.896578
v 0.449188 0.433333 0.885952
v 0.453010 0.474003 0.856920
v 0.458231 0.488889 0.817262
v 0.463452 0.474003 0.777605
v 0.467275 0.433333 0.748573
v 0.468674 0.377778 0.737947
v 0.467275 0.322222 0.748573
v 0.463452 0.281553 0.777605
v 0.458231 0.266667 0.817262
v 0.453010 0.281553 0.856920
v 0.449188 0.322222 0.885952
v 0.500000 0.377778 0.900000
v 0.500000 0.433333 0.889282
v 0.500000 0.474003 0.860000
v 0.500000 0.488889 0.820000
v 0.500000 0.474003 0.780000
v 0.500000 0.433333 0.750718
v 0.500000 0.377778 0.740000
v 0.500000 0.322222 0.750718
v 0.500000 0.281553 0.780000
v 0.500000 0.266667 0.820000
v 0.500000 0.281553 0.860000
v 0.500000 0.322222 0.889282
v 0.552210 0.377778 0.896578
v 0.550811 0.433333 0.885952
v 0.546989 0.474003 0.856920
v 0.541768 0.488889 0.817262
v 0.536547 0.474003 0.777605
v 0.532725 0.433333 0.748573
v 0.531326 0.377778 0.737947
v 0.532725 0.322222 0.748573
v 0.536547 0.281553 0.777605
v 0.541768 0.266667 0.817262
v 0.546989 0.281553 0.856920
v 0.550811 0.322222 0.885952
v 0.603527 0.377778 0.886370
v 0.600753 0.433333 0.876018
v 0.593175 0.474003 0.847733
v 0.582822 0.488889 0.809096
v 0.572469 0.474003 0.770459
v 0.564891 0.433333 0.742175
v 0.562116 0.377778 0.731822
v 0.564891 0.322222 0.742175
v 0.572469 0.281553 0.770459
v 0.582822 0.266667 0.809096
v 0.593175 0.281553 0.847733
v 0.600753 0.322222 0.876018
v 0.653073 0.377778 0.869552
v 0.648972 0.433333 0.859650
v 0.637766 0.474003 0.832597
v 0.622459 0.488889 0.795641
v 0.607151 0.474003 0.758686
v 0.595946 0.433333 0.731633
v 0.591844 0.377778 0.721731
v 0.595946 0.322222 0.731633
v 0.607151 0.281553 0.758686
v 0.622459 0.266667 0.795641
v 0.637766 0.281553 0.832597
v 0.648972 0.322222 0.859650
v 0.700000 0.377778 0.846410
v 0.694641 0.433333 0.837128
v 0.680000 0.474003 0.811769
v 0.660000 0.488889 0.777128
v 0.640000 0.474003 0.742487
v 0.625359 0.433333 0.717128
v 0.620000 0.377778 0.707846
v 0.625359 0.322222 0.717128
v 0.640000 0.281553 0.742487
v 0.660000 0.266667 0.777128
v 0.680000 0.281553 0.811769
v 0.694641 0.322222 0.837128
v 0.743505 0.377778 0.817341
v 0.736980 0.433333 0.808838
v 0.719154 0.474003 0.785607
v 0.694804 0.488889 0.753873
v 0.670453 0.474003 0.722139
v 0.652627 0.433333 0.698908
v 0.646103 0.377778 0.690405
v 0.652627 0.322222 0.698908
v 0.670453 0.281553 0.722139
v 0.694804 0.266667 0.753873
v 0.719154 0.281553 0.785607
v 0.736980 0.322222 0.808838
v 0.782843 0.377778 0.782843
v 0.775264 0.433333 0.775264
v 0.754558 0.474003 0.754559
v 0.726274 0.488889 0.726274
v 0.697990 0.474003 0.697990
v 0.677284 0.433333 0.677284
v 0.669706 0.377778 0.669706
v 0.677284 0.322222 0.677284
v 0.697990 0.281553 0.697990
v 0.726274 0.266667 0.726274
v 0.754558 0.281553 0.754559
v 0.775264 0.322222 0.775264
v 0.817341 0.377778 0.743505
v 0.808838 0.433333 0.736980
v 0.785607 0.474003 0.719154
v 0.753873 0.488889 0.694804
v 0.722139 0.474003 0.670453
v 0.698908 0.433333 0.652627
v 0.690405 0.377778 0.646103
v 0.698908 0.322222 0.652627
v 0.722139 0.281553 0.670453
v 0.753873 0.266667 0.694804
v 0.785607 0.281553 0.719154
v 0.808838 0.322222 0.736980
v 0.846410 0.377778 0.700000
v 0.837128 0.433333 0.694641
v 0.811769 0.474003 0.680000
v 0.777128 0.488889 0.660000
v 0.742487 0.474003 0.640000
v 0.717128 0.433333 0.625359
v 0.707846 0.377778 0.620000
v 0.717128 0.322222 0.625359
v 0.742487 0.281553 0.640000
v 0.777128 0.266667 0.660000
v 0.811769 0.281553 0.680000
v 0.837128 0.322222 0.694641
v 0.869552 0.377778 0.653074
v 0.859650 0.433333 0.648972
v 0.832597 0.474003 0.637766
v 0.795641 0.488889 0.622459
v 0.758686 0.474003 0.607151
v 0.731633 0.433333 0.595946
v 0.721731 0.377778 0.591844
v 0.731633 0.322222 0.595946
v 0.758686 0.281553 0.607151
v 0.795641 0.266667 0.622459
v 0.832597 0.281553 0.637766
v 0.859650 0.322222 0.648972
v 0.886370 0.377778 0.603527
v 0.876018 0.433333 0.600753
v 0.847733 0.474003 0.593175
v 0.809096 0.488889 0.582822
v 0.770459 0.474003 0.572469
v 0.742175 0.433333 0.564891
v 0.731822 0.377778 0.562117
v 0.742175 0.322222 0.564891
v 0.770459 0.281553 0.572469
v 0.809096 0.266667 0.582822
v 0.847733 0.281553 0.593175
v 0.876018 0.322222 0.600753
v 0.896578 0.377778 0.552210
v 0.885952 0.433333 0.550811
v 0.856920 0.474003 0.546989
v 0.817262 0.488889 0.541768
v 0.777605 0.474003 0.536547
v 0.748573 0.433333 0.532725
v 0.737947 0.377778 0.531326
v 0.748573 0.322222 0.532725
v 0.777605 0.281553 0.536547
v 0.817262 0.266667 0.541768
v 0.856920 0.281553 0.546989
v 0.885952 0.322222 0.550811
v 0.500000 0.777281 0.366663
v 0.500000 0.703708 0.300447
v 0.500000 0.607580 0.264611
v 0.500000 0.555556 0.260000
v 0.500000 0.503532 0.264611
v 0.500000 0.407404 0.300447
v 0.509134 0.817098 0.454078
v 0.517918 0.801924 0.409921
v 0.526013 0.777281 0.369225
v 0.533108 0.744117 0.333555
v 0.538931 0.703708 0.304282
v 0.543258 0.657605 0.282529
v 0.545922 0.607580 0.269134
v 0.546822 0.555556 0.264611
v 0.545922 0.503532 0.269134
v 0.543258 0.453507 0.282529
v 0.538931 0.407404 0.304282
v 0.533108 0.366994 0.333555
v 0.526013 0.333830 0.369225
v 0.517918 0.309188 0.409921
v 0.509134 0.294013 0.454078
v 0.517918 0.817098 0.456742
v 0.535147 0.801924 0.415147
v 0.551026 0.777281 0.376813
v 0.564944 0.744117 0.343212
v 0.576366 0.703708 0.315637
v 0.584853 0.657605 0.295147
v 0.590079 0.607580 0.282529
v 0.591844 0.555556 0.278269
v 0.590079 0.503532 0.282529
v 0.584853 0.453507 0.295147
v 0.576366 0.407404 0.315637
v 0.564944 0.366994 0.343212
v 0.551026 0.333830 0.376813
v 0.535147 0.309188 0.415147
v 0.517918 0.294013 0.456742
v 0.526013 0.817098 0.461069
v 0.551026 0.801924 0.423634
v 0.574078 0.777281 0.389134
v 0.594283 0.744117 0.358895
v 0.610866 0.703708 0.334078
v 0.623187 0.657605 0.315637
v 0.630775 0.607580 0.304282
v 0.633337 0.555556 0.300447
v 0.630775 0.503532 0.304282
v 0.623187 0.453507 0.315637
v 0.610866 0.407404 0.334078
v 0.594283 0.366994 0.358895
v 0.574078 0.333830 0.389134
v 0.551026 0.309188 0.423634
v 0.526013 0.294013 0.461069
v 0.533108 0.817098 0.466892
v 0.564944 0.801924 0.435056
v 0.594283 0.777281 0.405717
v 0.620000 0.744117 0.380000
v 0.641105 0.703708 0.358895
v 0.656788 0.657605 0.343212
v 0.666445 0.607580 0.333555
v 0.669706 0.555556 0.330294
v 0.666445 0.503532 0.333555
v 0.656788 0.453507 0.343212
v 0.641105 0.407404 0.358895
v 0.620000 0.366994 0.380000
v 0.594283 0.333830 0.405717
v 0.564944 0.309188 0.435056
v 0.533108 0.294013 0.466892
v 0.538931 0.817098 0.473987
v 0.576366 0.801924 0.448974
v 0.610866 0.777281 0.425922
v 0.641105 0.744117 0.405717
v 0.665922 0.703708 0.389134
v 0.684363 0.657605 0.376813
v 0.695718 0.607580 0.369225
v 0.699553 0.555556 0.366663
v 0.695718 0.503532 0.369225
v 0.684363 0.453507 0.376813
v 0.665922 0.407404 0.389134
v 0.641105 0.366994 0.405717
v 0.610866 0.333830 0.425922
v 0.576366 0.309188 0.448974
v 0.538931 0.294013 0.473987
v 0.500000 0.822222 0.500000
v 0.543258 0.817098 0.482082
v 0.584853 0.801924 0.464853
v 0.623187 0.777281 0.448974
v 0.656788 0.744117 0.435056
v 0.684363 0.703708 0.423634
v 0.704853 0.657605 0.415147
v 0.717471 0.607580 0.409921
v 0.721731 0.555556 0.408156
v 0.717471 0.503532 0.409921
v 0.704853 0.453507 0.415147
v 0.684363 0.407404 0.423634
v 0.656788 0.366994 0.435056
v 0.623187 0.333830 0.448974
v 0.584853 0.309188 0.464853
v 0.543258 0.294013 0.482082
v 0.545922 0.817098 0.490866
v 0.590079 0.801924 0.482082
v 0.630775 0.777281 0.473987
v 0.666445 0.744117 0.466892
v 0.695718 0.703708 0.461069
v 0.717471 0.657605 0.456742
v 0.730866 0.607580 0.454078
v 0.735389 0.555556 0.453178
v 0.730866 0.503532 0.454078
v 0.717471 0.453507 0.456742
v 0.695718 0.407404 0.461069
v 0.666445 0.366994 0.466892
v 0.630775 0.333830 0.473987
v 0.590079 0.309188 0.482082
v 0.545922 0.294013 0.490866
v 0.546822 0.817098 0.500000
v 0.591844 0.801924 0.500000
v 0.633337 0.777281 0.500000
v 0.669706 0.744117 0.500000
v 0.699553 0.703708 0.500000
v 0.721731 0.657605 0.500000
v 0.735389 0.607580 0.500000
v 0.740000 0.555556 0.500000
v 0.735389 0.503532 0.500000
v 0.721731 0.453507 0.500000
v 0.699553 0.407404 0.500000
v 0.669706 0.366994 0.500000
v 0.633337 0.333830 0.500000
v 0.591844 0.309188 0.500000
v 0.546822 0.294013 0.500000
v 0.545922 0.817098 0.509134
v 0.590079 0.801924 0.517918
v 0.630775 0.777281 0.526013
v 0.666445 0.744117 0.533108
v 0.695718 0.703708 0.538931
v 0.717471 0.657605 0.543258
v 0.730866 0.607580 0.545922
v 0.735389 0.555556 0.546822
v 0.730866 0.503532 0.545922
v 0.717471 0.453507 0.543258
v 0.695718 0.407404 0.538931
v 0.666445 0.366994 0.533108
v 0.630775 0.333830 0.526013
v 0.590079 0.309188 0.517918
v 0.545922 0.294013 0.509134
v 0.543258 0.817098 0.517918
v 0.584853 0.801924 0.535147
v 0.623187 0.777281 0.551026
v 0.656788 0.744117 0.564944
v 0.684363 0.703708 0.576366
v 0.704853 0.657605 0.584853
v 0.717471 0.607580 0.590079
v 0.721731 0.555556 0.591844
v 0.717471 0.503532 0.590079
v 0.704853 0.453507 0.584853
v 0.684363 0.407404 0.576366
v 0.656788 0.366994 0.564944
v 0.623187 0.333830 0.551026
v 0.584853 0.309188 0.535147
v 0.543258 0.294013 0.517918
v 0.538931 0.817098 0.526013
v 0.576366 0.801924 0.551026
v 0.610866 0.777281 0.574078
v 0.641105 0.744117 0.594283
v 0.665922 0.703708 0.610866
v 0.684363 0.657605 0.623187
v 0.695718 0.607580 0.630775
v 0.699553 0.555556 0.633337
v 0.695718 0.503532 0.630775
v 0.684363 0.453507 0.623187
v 0.665922 0.407404 0.610866
v 0.641105 0.366994 0.594283
v 0.610866 0.333830 0.574078
v 0.576366 0.309188 0.551026
v 0.538931 0.294013 0.526013
v 0.533108 0.817098 0.533108
v 0.564944 0.801924 0.564944
v 0.594283 0.777281 0.594283
v 0.620000 0.744117 0.620000
v 0.641105 0.703708 0.641105
v 0.656788 0.657605 0.656788
v 0.666445 0.607580 0.666445
v 0.669706 0.555556 0.669706
v 0.666445 0.503532 0.666445
v 0.656788 0.453507 0.656788
v 0.641105 0.407404 0.641105
v 0.620000 0.366994 0.620000
v 0.594283 0.333830 0.594283
v 0.564944 0.309188 0.564944
v 0.533108 0.294013 0.533108
v 0.526013 0.817098 0.538931
v 0.551026 0.801924 0.576366
v 0.574078 0.777281 0.610866
v 0.594283 0.744117 0.641105
v 0.610866 0.703708 0.665922
v 0.623187 0.657605 0.684363
v 0.630775 0.607580 0.695718
v 0.633337 0.555556 0.699553
v 0.630775 0.503532 0.695718
v 0.623187 0.453507 0.684363
v 0.610866 0.407404 0.665922
v 0.594283 0.366994 0.641105
v 0.574078 0.333830 0.610866
v 0.551026 0.309188 0.576366
v 0.526013 0.294013 0.538931
v 0.517918 0.817098 0.543258
v 0.535147 0.801924 0.584853
v 0.551026 0.777281 0.623187
v 0.564944 0.744117 0.656788
v 0.576366 0.703708 0.684363
v 0.584853 0.657605 0.704853
v 0.590079 0.607580 0.717471
v 0.591844 0.555556 0.721731
v 0.590079 0.503532 0.717471
v 0.584853 0.453507 0.704853
v 0.576366 0.407404 0.684363
v 0.564944 0.366994 0.656788
v 0.551026 0.333830 0.623187
v 0.535147 0.309188 0.584853
v 0.517918 0.294013 0.543258
v 0.509134 0.817098 0.545922
v 0.517918 0.801924 0.590079
v 0.526013 0.777281 0.630775
v 0.533108 0.744117 0.666445
v 0.538931 0.703708 0.695718
v 0.543258 0.657605 0.717471
v 0.545922 0.607580 0.730866
v 0.546822 0.555556 0.735388
v 0.545922 0.503532 0.730866
v 0.543258 0.453507 0.717471
v 0.538931 0.407404 0.695718
v 0.533108 0.366994 0.666445
v 0.526013 0.333830 0.630775
v 0.517918 0.309188 0.590079
v 0.509134 0.294013 0.545922
v 0.500000 0.817098 0.546822
v 0.500000 0.801924 0.591844
v 0.500000 0.777281 0.633337
v 0.500000 0.744117 0.669706
v 0.500000 0.703708 0.699553
v 0.500000 0.657605 0.721731
v 0.500000 0.607580 0.735389
v 0.500000 0.555556 0.740000
v 0.500000 0.503532 0.735389
v 0.500000 0.453507 0.721731
v 0.500000 0.407404 0.699553
v 0.500000 0.366994 0.669706
v 0.500000 0.333830 0.633337
v 0.500000 0.309188 0.591844
v 0.500000 0.294013 0.546822
v 0.490866 0.817098 0.545922
v 0.482082 0.801924 0.590079
v 0.473987 0.777281 0.630775
v 0.466892 0.744117 0.666445
v 0.461069 0.703708 0.695718
v 0.456742 0.657605 0.717471
v 0.454078 0.607580 0.730866
v 0.453178 0.555556 0.735388
v 0.454078 0.503532 0.730866
v 0.456742 0.453507 0.717471
v 0.461069 0.407404 0.695718
v 0.466892 0.366994 0.666445
v 0.473987 0.333830 0.630775
v 0.482082 0.309188 0.590079
v 0.490866 0.294013 0.545922
v 0.482082 0.817098 0.543258
v 0.464853 0.801924 0.584853
v 0.448974 0.777281 0.623187
v 0.435056 0.744117 0.656788
v 0.423634 0.703708 0.684363
v 0.415147 0.657605 0.704853
v 0.409921 0.607580 0.717471
v 0.408156 0.555556 0.721731
v 0.409921 0.503532 0.717471
v 0.415147 0.453507 0.704853
v 0.423634 0.407404 0.684363
v 0.435056 0.366994 0.656788
v 0.448974 0.333830 0.623187
v 0.464853 0.309188 0.584853
v 0.482082 0.294013 0.543258
v 0.473987 0.817098 0.538931
v 0.448974 0.801924 0.576366
v 0.425922 0.777281 0.610865
v 0.405717 0.744117 0.641105
v 0.389134 0.703708 0.665922
v 0.376813 0.657605 0.684363
v 0.369225 0.607580 0.695718
v 0.366663 0.555556 0.699553
v 0.369225 0.503532 0.695718
v 0.376813 0.453507 0.684363
v 0.389134 0.407404 0.665922
v 0.405717 0.366994 0.641105
v 0.425922 0.333830 0.610865
v 0.448974 0.309188 0.576366
v 0.473987 0.294013 0.538931
v 0.466892 0.817098 0.533108
v 0.435056 0.801924 0.564944
v 0.405717 0.777281 0.594283
v 0.380000 0.744117 0.620000
v 0.358895 0.703708 0.641105
v 0.343212 0.657605 0.656788
v 0.333555 0.607580 0.666445
v 0.330294 0.555556 0.669706
v 0.333555 0.503532 0.666445
v 0.343212 0.453507 0.656788
v 0.358895 0.407404 0.641105
v 0.380000 0.366994 0.620000
v 0.405717 0.333830 0.594283
v 0.435056 0.309188 0.564944
v 0.466892 0.294013 0.533108
v 0.500000 0.288889 0.500000
v 0.461069 0.817098 0.526013
v 0.423634 0.801924 0.551026
v 0.389134 0.777281 0.574078
v 0.358895 0.744117 0.594283
v 0.334078 0.703708 0.610866
v 0.315637 0.657605 0.623187
v 0.304282 0.607580 0.630775
v 0.300447 0.555556 0.633337
v 0.304282 0.503532 0.630775
v 0.315637 0.453507 0.623187
v 0.334078 0.407404 0.610866
v 0.358895 0.366994 0.594283
v 0.389134 0.333830 0.574078
v 0.423634 0.309188 0.551026
v 0.461069 0.294013 0.526013
v 0.456742 0.817098 0.517918
v 0.415147 0.801924 0.535147
v 0.376813 0.777281 0.551026
v 0.343212 0.744117 0.564944
v 0.315637 0.703708 0.576365
v 0.295147 0.657605 0.584853
v 0.282529 0.607580 0.590079
v 0.278269 0.555556 0.591844
v 0.282529 0.503532 0.590079
v 0.295147 0.453507 0.584853
v 0.315637 0.407404 0.576365
v 0.343212 0.366994 0.564944
v 0.376813 0.333830 0.551026
v 0.415147 0.309188 0.535147
v 0.456742 0.294013 0.517918
v 0.454078 0.817098 0.509134
v 0.409921 0.801924 0.517918
v 0.369225 0.777281 0.526013
v 0.333555 0.744117 0.533108
v 0.304282 0.703708 0.538931
v 0.282529 0.657605 0.543258
v 0.269134 0.607580 0.545922
v 0.264612 0.555556 0.546822
v 0.269134 0.503532 0.545922
v 0.282529 0.453507 0.543258
v 0.304282 0.407404 0.538931
v 0.333555 0.366994 0.533108
v 0.369225 0.333830 0.526013
v 0.409921 0.309188 0.517918
v 0.454078 0.294013 0.509134
v 0.453178 0.817098 0.500000
v 0.408156 0.801924 0.500000
v 0.366663 0.777281 0.500000
v 0.330294 0.744117 0.500000
v 0.300447 0.703708 0.500000
v 0.278269 0.657605 0.500000
v 0.264611 0.607580 0.500000
v 0.260000 0.555556 0.500000
v 0.264611 0.503532 0.500000
v 0.278269 0.453507 0.500000
v 0.300447 0.407404 0.500000
v 0.330294 0.366994 0.500000
v 0.366663 0.333830 0.500000
v 0.408156 0.309188 0.500000
v 0.453178 0.294013 0.500000
v 0.454078 0.817098 0.490866
v 0.409921 0.801924 0.482082
v 0.369225 0.777281 0.473987
v 0.333555 0.744117 0.466892
v 0.304282 0.703708 0.461069
v 0.282529 0.657605 0.456742
v 0.269134 0.607580 0.454078
v 0.264612 0.555556 0.453178
v 0.269134 0.503532 0.454078
v 0.282529 0.453507 0.456742
v 0.304282 0.407404 0.461069
v 0.333555 0.366994 0.466892
v 0.369225 0.333830 0.473987
v 0.409921 0.309188 0.482082
v 0.454078 0.294013 0.490866
v 0.456742 0.817098 0.482082
v 0.415147 0.801924 0.464853
v 0.376813 0.777281 0.448974
v 0.343212 0.744117 0.435056
v 0.315637 0.703708 0.423634
v 0.295147 0.657605 0.415147
v 0.282529 0.607580 0.409921
v 0.278269 0.555556 0.408156
v 0.282529 0.503532 0.409921
v 0.295147 0.453507 0.415147
v 0.315637 0.407404 0.423634
v 0.343212 0.366994 0.435056
v 0.376813 0.333830 0.448974
v 0.415147 0.309188 0.464853
v 0.456742 0.294013 0.482082
v 0.461069 0.817098 0.473987
v 0.423634 0.801924 0.448974
v 0.389135 0.777281 0.425922
v 0.358895 0.744117 0.405717
v 0.334078 0.703708 0.389134
v 0.315637 0.657605 0.376813
v 0.304282 0.607580 0.369225
v 0.300447 0.555556 0.366663
v 0.304282 0.503532 0.369225
v 0.315637 0.453507 0.376813
v 0.334078 0.407404 0.389134
v 0.358895 0.366994 0.405717
v 0.389135 0.333830 0.425922
v 0.423634 0.309188 0.448974
v 0.461069 0.294013 0.473987
v 0.466892 0.817098 0.466892
v 0.435056 0.801924 0.435056
v 0.405717 0.777281 0.405717
v 0.380000 0.744117 0.380000
v 0.358895 0.703708 0.358895
v 0.343212 0.657605 0.343212
v 0.333555 0.607580 0.333555
v 0.330295 0.555556 0.330294
v 0.333555 0.503532 0.333555
v 0.343212 0.453507 0.343212
v 0.358895 0.407404 0.358895
v 0.380000 0.366994 0.380000
v 0.405717 0.333830 0.405717
v 0.435056 0.309188 0.435056
v 0.466892 0.294013 0.466892
v 0.473987 0.817098 0.461069
v 0.448974 0.801924 0.423634
v 0.425922 0.777281 0.389134
v 0.405717 0.744117 0.358895
v 0.389134 0.703708 0.334078
v 0.376813 0.657605 0.315637
v 0.369225 0.607580 0.304282
v 0.366663 0.555556 0.300447
v 0.369225 0.503532 0.304282
v 0.376813 0.453507 0.315637
v 0.389134 0.407404 0.334078
v 0.405717 0.366994 0.358895
v 0.425922 0.333830 0.389134
v 0.448974 0.309188 0.423634
v 0.473987 0.294013 0.461069
v 0.482082 0.817098 0.456742
v 0.464853 0.801924 0.415147
v 0.448974 0.777281 0.376813
v 0.435056 0.744117 0.343212
v 0.423635 0.703708 0.315637
v 0.415147 0.657605 0.295147
v 0.409921 0.607580 0.282529
v 0.408156 0.555556 0.278269
v 0.409921 0.503532 0.282529
v 0.415147 0.453507 0.295147
v 0.423635 0.407404 0.315637
v 0.435056 0.366994 0.343212
v 0.448974 0.333830 0.376813
v 0.464853 0.309188 0.415147
v 0.482082 0.294013 0.456742
v 0.490866 0.817098 0.454078
v 0.482082 0.801924 0.409921
v 0.473987 0.777281 0.369225
v 0.466892 0.744117 0.333555
v 0.461069 0.703708 0.304282
v 0.456742 0.657605 0.282529
v 0.454078 0.607580 0.269134
v 0.453178 0.555556 0.264612
v 0.454078 0.503532 0.269134
v 0.456742 0.453507 0.282529
v 0.461069 0.407404 0.304282
v 0.466892 0.366994 0.333555
v 0.473987 0.333830 0.369225
v 0.482082 0.309188 0.409921
v 0.490866 0.294013 0.454078
v 0.500000 0.817098 0.453178
v 0.500000 0.801924 0.408156
v 0.500000 0.744117 0.330294
v 0.500000 0.657605 0.278269
v 0.500000 0.453507 0.278269
v 0.500000 0.366994 0.330294
v 0.500000 0.333830 0.366663
v 0.500000 0.309188 0.408156
v 0.500000 0.294013 0.453178
vn 0.0730 0.6672 -0.7413
vn 0.2162 0.6672 -0.7128
vn 0.3511 0.6672 -0.6569
vn 0.4726 0.6672 -0.5758
vn 0.5758 0.6672 -0.4726
vn 0.6569 0.6672 -0.3511
vn 0.7128 0.6672 -0.2162
vn 0.7413 0.6672 -0.0730
vn 0.7413 0.6672 0.0730
vn 0.7128 0.6672 0.2162
vn 0.6569 0.6672 0.3511
vn 0.5758 0.6672 0.4726
vn 0.4726 0.6672 0.5758
vn 0.3511 0.6672 0.6569
vn 0.2162 0.6672 0.7128
vn 0.0730 0.6672 0.7413
vn -0.0730 0.6672 0.7413
vn -0.2162 0.6672 0.7128
vn -0.3511 0.6672 0.6569
vn -0.4726 0.6672 0.5758
vn -0.5758 0.6672 0.4726
vn -0.6569 0.6672 0.3511
vn -0.7128 0.6672 0.2162
vn -0.7413 0.6672 0.0730
vn -0.7413 0.6672 -0.0730
vn -0.7128 0.6672 -0.2162
vn -0.6569 0.6672 -0.3511
vn -0.5758 0.6672 -0.4726
vn -0.4726 0.6672 -0.5758
vn -0.3511 0.6672 -0.6569
vn -0.0000 -1.0000 -0.0000
vn -0.2162 0.6672 -0.7128
vn -0.0730 0.6672 -0.7413
vn 0.0980 -0.0000 -0.9952
vn 0.2903 -0.0000 -0.9569
vn 0.4714 -0.0000 -0.8819
vn 0.6344 -0.0000 -0.7730
vn 0.7730 -0.0000 -0.6344
vn 0.8819 -0.0000 -0.4714
vn 0.9569 -0.0000 -0.2903
vn 0.9952 -0.0000 -0.0980
vn 0.9952 -0.0000 0.0980
vn 0.9569 -0.0000 0.2903
vn 0.8819 -0.0000 0.4714
vn 0.7730 -0.0000 0.6344
vn 0.6344 -0.0000 0.7730
vn 0.4714 -0.0000 0.8819
vn 0.2903 -0.0000 0.9569
vn 0.0980 -0.0000 0.9952
vn -0.0980 -0.0000 0.9952
vn -0.2903 -0.0000 0.9569
vn -0.4714 -0.0000 0.8819
vn -0.6344 -0.0000 0.7730
vn -0.7730 -0.0000 0.6344
vn -0.8819 -0.0000 0.4714
vn -0.9569 -0.0000 0.2903
vn -0.9952 -0.0000 0.0980
vn -0.9952 -0.0000 -0.0980
vn -0.9569 -0.0000 -0.2903
vn -0.8819 -0.0000 -0.4714
vn -0.7730 -0.0000 -0.6344
vn -0.6344 -0.0000 -0.7730
vn -0.4714 -0.0000 -0.8819
vn -0.0000 1.0000 -0.0000
vn -0.2903 -0.0000 -0.9569
vn -0.0980 -0.0000 -0.9952
vn 0.9799 0.1890 -0.0642
vn 0.8104 0.5835 -0.0531
vn 0.3487 0.9370 -0.0229
vn -0.3487 0.9370 0.0229
vn -0.8104 0.5835 0.0531
vn -0.9799 0.1890 0.0642
vn -0.9799 -0.1890 0.0642
vn -0.8104 -0.5835 0.0531
vn -0.3487 -0.9370 0.0229
vn 0.3487 -0.9370 -0.0229
vn 0.8104 -0.5835 -0.0531
vn 0.9799 -0.1890 -0.0642
vn 0.9631 0.1890 -0.1916
vn 0.7965 0.5835 -0.1584
vn 0.3427 0.9370 -0.0682
vn -0.3427 0.9370 0.0682
vn -0.7965 0.5835 0.1584
vn -0.9631 0.1890 0.1916
vn -0.9631 -0.1890 0.1916
vn -0.7965 -0.5835 0.1584
vn -0.3427 -0.9370 0.0682
vn 0.3427 -0.9370 -0.0682
vn 0.7965 -0.5835 -0.1584
vn 0.9631 -0.1890 -0.1916
vn 0.9299 0.1890 -0.3156
vn 0.7690 0.5835 -0.2611
vn 0.3309 0.9370 -0.1123
vn -0.3309 0.9370 0.1123
vn -0.7690 0.5835 0.2610
vn -0.9299 0.1890 0.3156
vn -0.9299 -0.1890 0.3156
vn -0.7690 -0.5835 0.2610
vn -0.3309 -0.9370 0.1123
vn 0.3309 -0.9370 -0.1123
vn 0.7690 -0.5835 -0.2611
vn 0.9299 -0.1890 -0.3156
vn 0.8807 0.1890 -0.4343
vn 0.7284 0.5835 -0.3592
vn 0.3134 0.9370 -0.1546
vn -0.3134 0.9370 0.1546
vn -0.7284 0.5835 0.3592
vn -0.8807 0.1890 0.4343
vn -0.8807 -0.1890 0.4343
vn -0.7284 -0.5835 0.3592
vn -0.3134 -0.9370 0.1546
vn 0.3134 -0.9370 -0.1546
vn 0.7284 -0.5835 -0.3592
vn 0.8807 -0.1890 -0.4343
vn 0.8165 0.1890 -0.5456
vn 0.6753 0.5835 -0.4512
vn 0.2905 0.9370 -0.1941
vn -0.2905 0.9370 0.1941
vn -0.6753 0.5835 0.4512
vn -0.8165 0.1890 0.5456
vn -0.8165 -0.1890 0.5456
vn -0.6753 -0.5835 0.4512
vn -0.2905 -0.9370 0.1941
vn 0.2905 -0.9370 -0.1941
vn 0.6753 -0.5835 -0.4512
vn 0.8165 -0.1890 -0.5456
vn 0.7383 0.1890 -0.6475
vn 0.6106 0.5835 -0.5355
vn 0.2627 0.9370 -0.2304
vn -0.2627 0.9370 0.2304
vn -0.6106 0.5835 0.5355
vn -0.7383 0.1890 0.6475
vn -0.7383 -0.1890 0.6475
vn -0.6106 -0.5835 0.5355
vn -0.2627 -0.9370 0.2304
vn 0.2627 -0.9370 -0.2304
vn 0.6106 -0.5835 -0.5355
vn 0.7383 -0.1890 -0.6475
vn 0.6475 0.1890 -0.7383
vn 0.5355 0.5835 -0.6106
vn 0.2304 0.9370 -0.2627
vn -0.2304 0.9370 0.2627
vn -0.5355 0.5835 0.6106
vn -0.6475 0.1890 0.7383
vn -0.6475 -0.1890 0.7383
vn -0.5355 -0.5835 0.6106
vn -0.2304 -0.9370 0.2627
vn 0.2304 -0.9370 -0.2627
vn 0.5355 -0.5835 -0.6106
vn 0.6475 -0.1890 -0.7383
vn 0.5456 0.1890 -0.8165
vn 0.4512 0.5835 -0.6753
vn 0.1941 0.9370 -0.2905
vn -0.1941 0.9370 0.2905
vn -0.4512 0.5835 0.6753
vn -0.5456 0.1890 0.8165
vn -0.5456 -0.1890 0.8165
vn -0.4512 -0.5835 0.6753
vn -0.1941 -0.9370 0.2905
vn 0.1941 -0.9370 -0.2905
vn 0.4512 -0.5835 -0.6753
vn 0.5456 -0.1890 -0.8165
vn 0.4343 0.1890 -0.8807
vn 0.3592 0.5835 -0.7284
vn 0.1546 0.9370 -0.3134
vn -0.1546 0.9370 0.3134
vn -0.3592 0.5835 0.7284
vn -0.4343 0.1890 0.8807
vn -0.4343 -0.1890 0.8807
vn -0.3592 -0.5835 0.7284
vn -0.1546 -0.9370 0.3134
vn 0.1546 -0.9370 -0.3134
vn 0.3592 -0.5835 -0.7284
vn 0.4343 -0.1890 -0.8807
vn 0.3156 0.1890 -0.9299
vn 0.2611 0.5835 -0.7690
vn 0.1123 0.9370 -0.3309
vn -0.1123 0.9370 0.3309
vn -0.2611 0.5835 0.7690
vn -0.3156 0.1890 0.9299
vn -0.3156 -0.1890 0.9299
vn -0.2611 -0.5835 0.7690
vn -0.1123 -0.9370 0.3309
vn 0.1123 -0.9370 -0.3309
vn 0.2611 -0.5835 -0.7690
vn 0.3156 -0.1890 -0.9299
vn 0.1916 0.1890 -0.9631
vn 0.1584 0.5835 -0.7965
vn 0.0682 0.9370 -0.3427
vn -0.0682 0.9370 0.3427
vn -0.1584 0.5835 0.7965
vn -0.1916 0.1890 0.9631
vn -0.1916 -0.1890 0.9631
vn -0.1584 -0.5835 0.7965
vn -0.0682 -0.9370 0.3427
vn 0.0682 -0.9370 -0.3427
vn 0.1584 -0.5835 -0.7965
vn 0.1916 -0.1890 -0.9631
vn 0.0642 0.1890 -0.9799
vn 0.0531 0.5835 -0.8104
vn 0.0229 0.9370 -0.3487
vn -0.0229 0.9370 0.3487
vn -0.0531 0.5835 0.8104
vn -0.0642 0.1890 0.9799
vn -0.0642 -0.1890 0.9799
vn -0.0531 -0.5835 0.8104
vn -0.0229 -0.9370 0.3487
vn 0.0229 -0.9370 -0.3487
vn 0.0531 -0.5835 -0.8104
vn 0.0642 -0.1890 -0.9799
vn -0.0642 0.1890 -0.9799
vn -0.0531 0.5835 -0.8104
vn -0.0229 0.9370 -0.3487
vn 0.0229 0.9370 0.3487
vn 0.0531 0.5835 0.8104
vn 0.0642 0.1890 0.9799
vn 0.0642 -0.1890 0.9799
vn 0.0531 -0.5835 0.8104
vn 0.0229 -0.9370 0.3487
vn -0.0229 -0.9370 -0.3487
vn -0.0531 -0.5835 -0.8104
vn -0.0642 -0.1890 -0.9799
vn -0.1916 0.1890 -0.9631
vn -0.1584 0.5835 -0.7965
vn -0.0682 0.9370 -0.3427
vn 0.0682 0.9370 0.3427
vn 0.1584 0.5835 0.7965
vn 0.1916 0.1890 0.9631
vn 0.1916 -0.1890 0.9631
vn 0.1584 -0.5835 0.7965
vn 0.0682 -0.9370 0.3427
vn -0.0682 -0.9370 -0.3427
vn -0.1584 -0.5835 -0.7965
vn -0.1916 -0.1890 -0.9631
vn -0.3156 0.1890 -0.9299
vn -0.2610 0.5835 -0.7690
vn -0.1123 0.9370 -0.3309
vn 0.1123 0.9370 0.3309
vn 0.2611 0.5835 0.7690
vn 0.3156 0.1890 0.9299
vn 0.3156 -0.1890 0.9299
vn 0.2611 -0.5835 0.7690
vn 0.1123 -0.9370 0.3309
vn -0.1123 -0.9370 -0.3309
vn -0.2610 -0.5835 -0.7690
vn -0.3156 -0.1890 -0.9299
vn -0.4343 0.1890 -0.8807
vn -0.3592 0.5835 -0.7284
vn -0.1546 0.9370 -0.3134
vn 0.1546 0.9370 0.3134
vn 0.3592 0.5835 0.7284
vn 0.4343 0.1890 0.8807
vn 0.4343 -0.1890 0.8807
vn 0.3592 -0.5835 0.7284
vn 0.1546 -0.9370 0.3134
vn -0.1546 -0.9370 -0.3134
vn -0.3592 -0.5835 -0.7284
vn -0.4343 -0.1890 -0.8807
vn -0.5456 0.1890 -0.8165
vn -0.4512 0.5835 -0.6753
vn -0.1941 0.9370 -0.2905
vn 0.1941 0.9370 0.2905
vn 0.4512 0.5835 0.6753
vn 0.5456 0.1890 0.8165
vn 0.5456 -0.1890 0.8165
vn 0.4512 -0.5835 0.6753
vn 0.1941 -0.9370 0.2905
vn -0.1941 -0.9370 -0.2905
vn -0.4512 -0.5835 -0.6753
vn -0.5456 -0.1890 -0.8165
vn -0.6475 0.1890 -0.7383
vn -0.5355 0.5835 -0.6106
vn -0.2304 0.9370 -0.2627
vn 0.2304 0.9370 0.2627
vn 0.5355 0.5835 0.6106
vn 0.6475 0.1890 0.7383
vn 0.6475 -0.1890 0.7383
vn 0.5355 -0.5835 0.6106
vn 0.2304 -0.9370 0.2627
vn -0.2304 -0.9370 -0.2627
vn -0.5355 -0.5835 -0.6106
vn -0.6475 -0.1890 -0.7383
vn -0.7383 0.1890 -0.6475
vn -0.6106 0.5835 -0.5355
vn -0.2627 0.9370 -0.2304
vn 0.2627 0.9370 0.2304
vn 0.6106 0.5835 0.5355
vn 0.7383 0.1890 0.6475
vn 0.7383 -0.1890 0.6475
vn 0.6106 -0.5835 0.5355
vn 0.2627 -0.9370 0.2304
vn -0.2627 -0.9370 -0.2304
vn -0.6106 -0.5835 -0.5355
vn -0.7383 -0.1890 -0.6475
vn -0.8165 0.1890 -0.5456
vn -0.6753 0.5835 -0.4512
vn -0.2905 0.9370 -0.1941
vn 0.2905 0.9370 0.1941
vn 0.6753 0.5835 0.4512
vn 0.8165 0.1890 0.5456
vn 0.8165 -0.1890 0.5456
vn 0.6753 -0.5835 0.4512
vn 0.2905 -0.9370 0.1941
vn -0.2905 -0.9370 -0.1941
vn -0.6753 -0.5835 -0.4512
vn -0.8165 -0.1890 -0.5456
vn -0.8807 0.1890 -0.4343
vn -0.7284 0.5835 -0.3592
vn -0.3134 0.9370 -0.1546
vn 0.3134 0.9370 0.1546
vn 0.7284 0.5835 0.3592
vn 0.8807 0.1890 0.4343
vn 0.8807 -0.1890 0.4343
vn 0.7284 -0.5835 0.3592
vn 0.3134 -0.9370 0.1546
vn -0.3134 -0.9370 -0.1546
vn -0.7284 -0.5835 -0.3592
vn -0.8807 -0.1890 -0.4343
vn -0.9299 0.1890 -0.3156
vn -0.7690 0.5835 -0.2610
vn -0.3309 0.9370 -0.1123
vn 0.3309 0.9370 0.1123
vn 0.7690 0.5835 0.2611
vn 0.9299 0.1890 0.3156
vn 0.9299 -0.1890 0.3156
vn 0.7690 -0.5835 0.2611
vn 0.3309 -0.9370 0.1123
vn -0.3309 -0.9370 -0.1123
vn -0.7690 -0.5835 -0.2610
vn -0.9299 -0.1890 -0.3156
vn -0.9631 0.1890 -0.1916
vn -0.7965 0.5835 -0.1584
vn -0.3427 0.9370 -0.0682
vn 0.3427 0.9370 0.0682
vn 0.7965 0.5835 0.1584
vn 0.9631 0.1890 0.1916
vn 0.9631 -0.1890 0.1916
vn 0.7965 -0.5835 0.1584
vn 0.3427 -0.9370 0.0682
vn -0.3427 -0.9370 -0.0682
vn -0.7965 -0.5835 -0.1584
vn -0.9631 -0.1890 -0.1916
vn -0.9799 0.1890 -0.0642
vn -0.8104 0.5835 -0.0531
vn -0.3487 0.9370 -0.0229
vn 0.3487 0.9370 0.0229
vn 0.8104 0.5835 0.0531
vn 0.9799 0.1890 0.0642
vn 0.9799 -0.1890 0.0642
vn 0.8104 -0.5835 0.0531
vn 0.3487 -0.9370 0.0229
vn -0.3487 -0.9370 -0.0229
vn -0.8104 -0.5835 -0.0531
vn -0.9799 -0.1890 -0.0642
vn 0.7690 0.5835 -0.2610
vn 0.7690 -0.5835 -0.2610
vn -0.2610 0.5835 0.7690
vn -0.2610 -0.5835 0.7690
vn 0.2610 -0.5835 0.7690
vn 0.7690 0.5835 0.2610
vn 0.7690 -0.5835 0.2610
vn 0.0107 0.9940 -0.1088
vn 0.0107 -0.9940 -0.1088
vn 0.0976 -0.0879 -0.9913
vn 0.0314 0.9472 -0.3192
vn 0.0946 -0.2622 -0.9604
vn 0.0502 0.8587 -0.5100
vn 0.0884 -0.4318 -0.8976
vn 0.0662 0.7373 -0.6723
vn 0.0790 -0.5923 -0.8019
vn 0.0790 0.5923 -0.8019
vn 0.0662 -0.7373 -0.6723
vn 0.0884 0.4318 -0.8976
vn 0.0502 -0.8587 -0.5100
vn 0.0946 0.2622 -0.9604
vn 0.0314 -0.9472 -0.3192
vn 0.0976 0.0879 -0.9913
vn 0.0931 -0.9472 -0.3070
vn 0.2892 0.0879 -0.9532
vn 0.0317 0.9940 -0.1046
vn 0.0317 -0.9940 -0.1046
vn 0.2892 -0.0879 -0.9532
vn 0.0931 0.9472 -0.3070
vn 0.2801 -0.2622 -0.9235
vn 0.1488 0.8587 -0.4904
vn 0.2618 -0.4318 -0.8631
vn 0.1961 0.7373 -0.6465
vn 0.2339 -0.5923 -0.7710
vn 0.2339 0.5923 -0.7710
vn 0.1961 -0.7373 -0.6465
vn 0.2618 0.4318 -0.8631
vn 0.1488 -0.8587 -0.4904
vn 0.2801 0.2622 -0.9235
vn 0.3185 0.7373 -0.5958
vn 0.3798 -0.5923 -0.7106
vn 0.3798 0.5923 -0.7106
vn 0.3185 -0.7373 -0.5958
vn 0.4252 0.4318 -0.7955
vn 0.2416 -0.8587 -0.4519
vn 0.4549 0.2622 -0.8511
vn 0.1512 -0.9472 -0.2829
vn 0.4696 0.0879 -0.8785
vn 0.0515 0.9940 -0.0964
vn 0.0515 -0.9940 -0.0964
vn 0.4696 -0.0879 -0.8785
vn 0.1512 0.9472 -0.2829
vn 0.4549 -0.2622 -0.8511
vn 0.2416 0.8587 -0.4519
vn 0.4252 -0.4318 -0.7955
vn 0.6319 0.0879 -0.7700
vn 0.0693 0.9940 -0.0845
vn 0.0693 -0.9940 -0.0845
vn 0.6319 -0.0879 -0.7700
vn 0.2035 0.9472 -0.2480
vn 0.6122 -0.2622 -0.7460
vn 0.3251 0.8587 -0.3961
vn 0.5722 -0.4318 -0.6972
vn 0.4286 0.7373 -0.5222
vn 0.5112 -0.5923 -0.6228
vn 0.5112 0.5923 -0.6228
vn 0.4286 -0.7373 -0.5222
vn 0.5722 0.4318 -0.6972
vn 0.3251 -0.8587 -0.3961
vn 0.6122 0.2622 -0.7460
vn 0.2035 -0.9472 -0.2480
vn 0.6228 -0.5923 -0.5112
vn 0.6228 0.5923 -0.5112
vn 0.5222 -0.7373 -0.4286
vn 0.6972 0.4318 -0.5722
vn 0.3961 -0.8587 -0.3251
vn 0.7460 0.2622 -0.6122
vn 0.2480 -0.9472 -0.2035
vn 0.7700 0.0879 -0.6319
vn 0.0845 0.9940 -0.0693
vn 0.0845 -0.9940 -0.0693
vn 0.7700 -0.0879 -0.6319
vn 0.2480 0.9472 -0.2035
vn 0.7460 -0.2622 -0.6122
vn 0.3961 0.8587 -0.3251
vn 0.6972 -0.4318 -0.5722
vn 0.5222 0.7373 -0.4286
vn 0.0964 0.9940 -0.0515
vn 0.0964 -0.9940 -0.0515
vn 0.8785 -0.0879 -0.4696
vn 0.2829 0.9472 -0.1512
vn 0.8511 -0.2622 -0.4549
vn 0.4519 0.8587 -0.2416
vn 0.7955 -0.4318 -0.4252
vn 0.5958 0.7373 -0.3185
vn 0.7106 -0.5923 -0.3798
vn 0.7106 0.5923 -0.3798
vn 0.5958 -0.7373 -0.3185
vn 0.7955 0.4318 -0.4252
vn 0.4519 -0.8587 -0.2416
vn 0.8511 0.2622 -0.4549
vn 0.2829 -0.9472 -0.1512
vn 0.8785 0.0879 -0.4696
vn 0.7710 0.5923 -0.2339
vn 0.6465 -0.7373 -0.1961
vn 0.8631 0.4318 -0.2618
vn 0.4904 -0.8587 -0.1488
vn 0.9235 0.2622 -0.2801
vn 0.3070 -0.9472 -0.0931
vn 0.9532 0.0879 -0.2892
vn 0.1046 0.9940 -0.0317
vn 0.1046 -0.9940 -0.0317
vn 0.9532 -0.0879 -0.2892
vn 0.3070 0.9472 -0.0931
vn 0.9235 -0.2622 -0.2801
vn 0.4904 0.8587 -0.1488
vn 0.8631 -0.4318 -0.2618
vn 0.6465 0.7373 -0.1961
vn 0.7710 -0.5923 -0.2339
vn 0.9913 -0.0879 -0.0976
vn 0.3192 0.9472 -0.0314
vn 0.9604 -0.2622 -0.0946
vn 0.5100 0.8587 -0.0502
vn 0.8976 -0.4318 -0.0884
vn 0.6723 0.7373 -0.0662
vn 0.8019 -0.5923 -0.0790
vn 0.8019 0.5923 -0.0790
vn 0.6723 -0.7373 -0.0662
vn 0.8976 0.4318 -0.0884
vn 0.5100 -0.8587 -0.0502
vn 0.9604 0.2622 -0.0946
vn 0.3192 -0.9472 -0.0314
vn 0.9913 0.0879 -0.0976
vn 0.1088 0.9940 -0.0107
vn 0.1088 -0.9940 -0.0107
vn 0.6723 -0.7373 0.0662
vn 0.8976 0.4318 0.0884
vn 0.5100 -0.8587 0.0502
vn 0.9604 0.2622 0.0946
vn 0.3192 -0.9472 0.0314
vn 0.9913 0.0879 0.0976
vn 0.1088 0.9940 0.0107
vn 0.1088 -0.9940 0.0107
vn 0.9913 -0.0879 0.0976
vn 0.3192 0.9472 0.0314
vn 0.9604 -0.2622 0.0946
vn 0.5100 0.8587 0.0502
vn 0.8976 -0.4318 0.0884
vn 0.6723 0.7373 0.0662
vn 0.8019 -0.5923 0.0790
vn 0.8019 0.5923 0.0790
vn 0.9235 -0.2622 0.2801
vn 0.4904 0.8587 0.1488
vn 0.8631 -0.4318 0.2618
vn 0.6465 0.7373 0.1961
vn 0.7710 -0.5923 0.2339
vn 0.7710 0.5923 0.2339
vn 0.6465 -0.7373 0.1961
vn 0.8631 0.4318 0.2618
vn 0.4904 -0.8587 0.1488
vn 0.9235 0.2622 0.2801
vn 0.3070 -0.9472 0.0931
vn 0.9532 0.0879 0.2892
vn 0.1046 0.9940 0.0317
vn 0.1046 -0.9940 0.0317
vn 0.9532 -0.0879 0.2892
vn 0.3070 0.9472 0.0931
vn 0.4519 -0.8587 0.2416
vn 0.8511 0.2622 0.4549
vn 0.2829 -0.9472 0.1512
vn 0.8785 0.0879 0.4696
vn 0.0964 0.9940 0.0515
vn 0.0964 -0.9940 0.0515
vn 0.8785 -0.0879 0.4696
vn 0.2829 0.9472 0.1512
vn 0.8511 -0.2622 0.4549
vn 0.4519 0.8587 0.2416
vn 0.7955 -0.4318 0.4252
vn 0.5958 0.7373 0.3185
vn 0.7106 -0.5923 0.3798
vn 0.7106 0.5923 0.3798
vn 0.5958 -0.7373 0.3185
vn 0.7955 0.4318 0.4252
vn 0.3961 0.8587 0.3251
vn 0.6972 -0.4318 0.5722
vn 0.5222 0.7373 0.4286
vn 0.6228 -0.5923 0.5112
vn 0.6228 0.5923 0.5112
vn 0.5222 -0.7373 0.4286
vn 0.6972 0.4318 0.5722
vn 0.3961 -0.8587 0.3251
vn 0.7460 0.2622 0.6122
vn 0.2480 -0.9472 0.2035
vn 0.7700 0.0879 0.6319
vn 0.0845 0.9940 0.0693
vn 0.0845 -0.9940 0.0693
vn 0.7700 -0.0879 0.6319
vn 0.2480 0.9472 0.2035
vn 0.7460 -0.2622 0.6122
vn 0.6122 0.2622 0.7460
vn 0.2035 -0.9472 0.2480
vn 0.6319 0.0879 0.7700
vn 0.0693 0.9940 0.0845
vn 0.0693 -0.9940 0.0845
vn 0.6319 -0.0879 0.7700
vn 0.2035 0.9472 0.2480
vn 0.6122 -0.2622 0.7460
vn 0.3251 0.8587 0.3961
vn 0.5722 -0.4318 0.6972
vn 0.4286 0.7373 0.5222
vn 0.5112 -0.5923 0.6228
vn 0.5112 0.5923 0.6228
vn 0.4286 -0.7373 0.5222
vn 0.5722 0.4318 0.6972
vn 0.3251 -0.8587 0.3961
vn 0.4252 -0.4318 0.7955
vn 0.3185 0.7373 0.5958
vn 0.3798 -0.5923 0.7106
vn 0.3798 0.5923 0.7106
vn 0.3185 -0.7373 0.5958
vn 0.4252 0.4318 0.7955
vn 0.2416 -0.8587 0.4519
vn 0.4549 0.2622 0.8511
vn 0.1512 -0.9472 0.2829
vn 0.4696 0.0879 0.8785
vn 0.0515 0.9940 0.0964
vn 0.0515 -0.9940 0.0964
vn 0.4696 -0.0879 0.8785
vn 0.1512 0.9472 0.2829
vn 0.4549 -0.2622 0.8511
vn 0.2416 0.8587 0.4519
vn 0.0931 -0.9472 0.3070
vn 0.2892 0.0879 0.9532
vn 0.0317 0.9940 0.1046
vn 0.0317 -0.9940 0.1046
vn 0.2892 -0.0879 0.9532
vn 0.0931 0.9472 0.3070
vn 0.2801 -0.2622 0.9235
vn 0.1488 0.8587 0.4904
vn 0.2618 -0.4318 0.8631
vn 0.1961 0.7373 0.6465
vn 0.2339 -0.5923 0.7710
vn 0.2339 0.5923 0.7710
vn 0.1961 -0.7373 0.6465
vn 0.2618 0.4318 0.8631
vn 0.1488 -0.8587 0.4904
vn 0.2801 0.2622 0.9235
vn 0.0662 0.7373 0.6723
vn 0.0790 -0.5923 0.8019
vn 0.0790 0.5923 0.8019
vn 0.0662 -0.7373 0.6723
vn 0.0884 0.4318 0.8976
vn 0.0502 -0.8587 0.5100
vn 0.0946 0.2622 0.9604
vn 0.0314 -0.9472 0.3192
vn 0.0976 0.0879 0.9913
vn 0.0107 0.9940 0.1088
vn 0.0107 -0.9940 0.1088
vn 0.0976 -0.0879 0.9913
vn 0.0314 0.9472 0.3192
vn 0.0946 -0.2622 0.9604
vn 0.0502 0.8587 0.5100
vn 0.0884 -0.4318 0.8976
vn -0.0976 0.0879 0.9913
vn -0.0107 0.9940 0.1088
vn -0.0107 -0.9940 0.1088
vn -0.0976 -0.0879 0.9913
vn -0.0314 0.9472 0.3192
vn -0.0946 -0.2622 0.9604
vn -0.0502 0.8587 0.5100
vn -0.0884 -0.4318 0.8976
vn -0.0662 0.7373 0.6723
vn -0.0790 -0.5923 0.8019
vn -0.0790 0.5923 0.8019
vn -0.0662 -0.7373 0.6723
vn -0.0884 0.4318 0.8976
vn -0.0502 -0.8587 0.5100
vn -0.0946 0.2622 0.9604
vn -0.0314 -0.9472 0.3192
vn -0.2339 -0.5923 0.7710
vn -0.2339 0.5923 0.7710
vn -0.1961 -0.7373 0.6465
vn -0.2618 0.4318 0.8631
vn -0.1488 -0.8587 0.4904
vn -0.2801 0.2622 0.9235
vn -0.0931 -0.9472 0.3070
vn -0.2892 0.0879 0.9532
vn -0.0317 0.9940 0.1046
vn -0.0317 -0.9940 0.1046
vn -0.2892 -0.0879 0.9532
vn -0.0931 0.9472 0.3070
vn -0.2801 -0.2622 0.9235
vn -0.1488 0.8587 0.4904
vn -0.2618 -0.4318 0.8631
vn -0.1961 0.7373 0.6465
vn -0.0515 -0.9940 0.0964
vn -0.4696 -0.0879 0.8785
vn -0.1512 0.9472 0.2829
vn -0.4549 -0.2622 0.8511
vn -0.2416 0.8587 0.4519
vn -0.4252 -0.4318 0.7955
vn -0.3185 0.7373 0.5958
vn -0.3798 -0.5923 0.7106
vn -0.3798 0.5923 0.7106
vn -0.3185 -0.7373 0.5958
vn -0.4252 0.4318 0.7955
vn -0.2416 -0.8587 0.4519
vn -0.4549 0.2622 0.8511
vn -0.1512 -0.9472 0.2829
vn -0.4696 0.0879 0.8785
vn -0.0515 0.9940 0.0964
vn -0.4286 -0.7373 0.5222
vn -0.5722 0.4318 0.6972
vn -0.3251 -0.8587 0.3961
vn -0.6122 0.2622 0.7460
vn -0.2035 -0.9472 0.2480
vn -0.6319 0.0879 0.7700
vn -0.0693 0.9940 0.0845
vn -0.0693 -0.9940 0.0845
vn -0.6319 -0.0879 0.7700
vn -0.2035 0.9472 0.2480
vn -0.6122 -0.2622 0.7460
vn -0.3251 0.8587 0.3961
vn -0.5722 -0.4318 0.6972
vn -0.4286 0.7373 0.5222
vn -0.5112 -0.5923 0.6228
vn -0.5112 0.5923 0.6228
vn -0.2480 0.9472 0.2035
vn -0.7460 -0.2622 0.6122
vn -0.3961 0.8587 0.3251
vn -0.6972 -0.4318 0.5722
vn -0.5222 0.7373 0.4286
vn -0.6228 -0.5923 0.5112
vn -0.6228 0.5923 0.5112
vn -0.5222 -0.7373 0.4286
vn -0.6972 0.4318 0.5722
vn -0.3961 -0.8587 0.3251
vn -0.7460 0.2622 0.6122
vn -0.2480 -0.9472 0.2035
vn -0.7700 0.0879 0.6319
vn -0.0845 0.9940 0.0693
vn -0.0845 -0.9940 0.0693
vn -0.7700 -0.0879 0.6319
vn -0.7955 0.4318 0.4252
vn -0.4519 -0.8587 0.2416
vn -0.8511 0.2622 0.4549
vn -0.2829 -0.9472 0.1512
vn -0.8785 0.0879 0.4696
vn -0.0964 0.9940 0.0515
vn -0.0964 -0.9940 0.0515
vn -0.8785 -0.0879 0.4696
vn -0.2829 0.9472 0.1512
vn -0.8511 -0.2622 0.4549
vn -0.4519 0.8587 0.2416
vn -0.7955 -0.4318 0.4252
vn -0.5958 0.7373 0.3185
vn -0.7106 -0.5923 0.3798
vn -0.7106 0.5923 0.3798
vn -0.5958 -0.7373 0.3185
vn -0.9235 -0.2622 0.2801
vn -0.4904 0.8587 0.1488
vn -0.8631 -0.4318 0.2618
vn -0.6465 0.7373 0.1961
vn -0.7710 -0.5923 0.2339
vn -0.7710 0.5923 0.2339
vn -0.6465 -0.7373 0.1961
vn -0.8631 0.4318 0.2618
vn -0.4904 -0.8587 0.1488
vn -0.9235 0.2622 0.2801
vn -0.3070 -0.9472 0.0931
vn -0.9532 0.0879 0.2892
vn -0.1046 0.9940 0.0317
vn -0.1046 -0.9940 0.0317
vn -0.9532 -0.0879 0.2892
vn -0.3070 0.9472 0.0931
vn -0.5100 -0.8587 0.0502
vn -0.9604 0.2622 0.0946
vn -0.3192 -0.9472 0.0314
vn -0.9913 0.0879 0.0976
vn -0.1088 0.9940 0.0107
vn -0.1088 -0.9940 0.0107
vn -0.9913 -0.0879 0.0976
vn -0.3192 0.9472 0.0314
vn -0.9604 -0.2622 0.0946
vn -0.5100 0.8587 0.0502
vn -0.8976 -0.4318 0.0884
vn -0.6723 0.7373 0.0662
vn -0.8019 -0.5923 0.0790
vn -0.8019 0.5923 0.0790
vn -0.6723 -0.7373 0.0662
vn -0.8976 0.4318 0.0884
vn -0.5100 0.8587 -0.0502
vn -0.8976 -0.4318 -0.0884
vn -0.6723 0.7373 -0.0662
vn -0.8019 -0.5923 -0.0790
vn -0.8019 0.5923 -0.0790
vn -0.6723 -0.7373 -0.0662
vn -0.8976 0.4318 -0.0884
vn -0.5100 -0.8587 -0.0502
vn -0.9604 0.2622 -0.0946
vn -0.3192 -0.9472 -0.0314
vn -0.9913 0.0879 -0.0976
vn -0.1088 0.9940 -0.0107
vn -0.1088 -0.9940 -0.0107
vn -0.9913 -0.0879 -0.0976
vn -0.3192 0.9472 -0.0314
vn -0.9604 -0.2622 -0.0946
vn -0.9235 0.2622 -0.2801
vn -0.3070 -0.9472 -0.0931
vn -0.9532 0.0879 -0.2892
vn -0.1046 0.9940 -0.0317
vn -0.1046 -0.9940 -0.0317
vn -0.9532 -0.0879 -0.2892
vn -0.3070 0.9472 -0.0931
vn -0.9235 -0.2622 -0.2801
vn -0.4904 0.8587 -0.1488
vn -0.8631 -0.4318 -0.2618
vn -0.6465 0.7373 -0.1961
vn -0.7710 -0.5923 -0.2339
vn -0.7710 0.5923 -0.2339
vn -0.6465 -0.7373 -0.1961
vn -0.8631 0.4318 -0.2618
vn -0.4904 -0.8587 -0.1488
vn -0.7955 -0.4318 -0.4252
vn -0.5958 0.7373 -0.3185
vn -0.7106 -0.5923 -0.3798
vn -0.7106 0.5923 -0.3798
vn -0.5958 -0.7373 -0.3185
vn -0.7955 0.4318 -0.4252
vn -0.4519 -0.8587 -0.2416
vn -0.8511 0.2622 -0.4549
vn -0.2829 -0.9472 -0.1512
vn -0.8785 0.0879 -0.4696
vn -0.0964 0.9940 -0.0515
vn -0.0964 -0.9940 -0.0515
vn -0.8785 -0.0879 -0.4696
vn -0.2829 0.9472 -0.1512
vn -0.8511 -0.2622 -0.4549
vn -0.4519 0.8587 -0.2416
vn -0.2480 -0.9472 -0.2035
vn -0.7700 0.0879 -0.6319
vn -0.0845 0.9940 -0.0693
vn -0.0845 -0.9940 -0.0693
vn -0.7700 -0.0879 -0.6319
vn -0.2480 0.9472 -0.2035
vn -0.7460 -0.2622 -0.6122
vn -0.3961 0.8587 -0.3251
vn -0.6972 -0.4318 -0.5722
vn -0.5222 0.7373 -0.4286
vn -0.6228 -0.5923 -0.5112
vn -0.6228 0.5923 -0.5112
vn -0.5222 -0.7373 -0.4286
vn -0.6972 0.4318 -0.5722
vn -0.3961 -0.8587 -0.3251
vn -0.7460 0.2622 -0.6122
vn -0.5112 -0.5923 -0.6228
vn -0.5112 0.5923 -0.6228
vn -0.4286 -0.7373 -0.5222
vn -0.5722 0.4318 -0.6972
vn -0.3251 -0.8587 -0.3961
vn -0.6122 0.2622 -0.7460
vn -0.2035 -0.9472 -0.2480
vn -0.6319 0.0879 -0.7700
vn -0.0693 0.9940 -0.0845
vn -0.0693 -0.9940 -0.0845
vn -0.6319 -0.0879 -0.7700
vn -0.2035 0.9472 -0.2480
vn -0.6122 -0.2622 -0.7460
vn -0.3251 0.8587 -0.3961
vn -0.5722 -0.4318 -0.6972
vn -0.4286 0.7373 -0.5222
vn -0.0515 0.9940 -0.0964
vn -0.0515 -0.9940 -0.0964
vn -0.4696 -0.0879 -0.8785
vn -0.1512 0.9472 -0.2829
vn -0.4549 -0.2622 -0.8511
vn -0.2416 0.8587 -0.4519
vn -0.4252 -0.4318 -0.7955
vn -0.3185 0.7373 -0.5958
vn -0.3798 -0.5923 -0.7106
vn -0.3798 0.5923 -0.7106
vn -0.3185 -0.7373 -0.5958
vn -0.4252 0.4318 -0.7955
vn -0.2416 -0.8587 -0.4519
vn -0.4549 0.2622 -0.8511
vn -0.1512 -0.9472 -0.2829
vn -0.4696 0.0879 -0.8785
vn -0.2339 0.5923 -0.7710
vn -0.1961 -0.7373 -0.6465
vn -0.2618 0.4318 -0.8631
vn -0.1488 -0.8587 -0.4904
vn -0.2801 0.2622 -0.9235
vn -0.0931 -0.9472 -0.3070
vn -0.2892 0.0879 -0.9532
vn -0.0317 0.9940 -0.1046
vn -0.0317 -0.9940 -0.1046
vn -0.2892 -0.0879 -0.9532
vn -0.0931 0.9472 -0.3070
vn -0.2801 -0.2622 -0.9235
vn -0.1488 0.8587 -0.4904
vn -0.2618 -0.4318 -0.8631
vn -0.1961 0.7373 -0.6465
vn -0.2339 -0.5923 -0.7710
vn -0.0976 -0.0879 -0.9913
vn -0.0314 0.9472 -0.3192
vn -0.0946 -0.2622 -0.9604
vn -0.0502 0.8587 -0.5100
vn -0.0884 -0.4318 -0.8976
vn -0.0662 0.7373 -0.6723
vn -0.0790 -0.5923 -0.8019
vn -0.0790 0.5923 -0.8019
vn -0.0662 -0.7373 -0.6723
vn -0.0884 0.4318 -0.8976
vn -0.0502 -0.8587 -0.5100
vn -0.0946 0.2622 -0.9604
vn -0.0314 -0.9472 -0.3192
vn -0.0976 0.0879 -0.9913
vn -0.0107 0.9940 -0.1088
vn -0.0107 -0.9940 -0.1088
vt 0.123361 0.225844
vt 0.123361 0.129844
vt 0.142090 0.223999
vt 0.160099 0.218536
vt 0.176696 0.209665
vt 0.191243 0.197726
vt 0.203182 0.183179
vt 0.212054 0.166581
vt 0.217517 0.148572
vt 0.219361 0.129844
vt 0.217517 0.111115
vt 0.212054 0.093106
vt 0.203182 0.076509
vt 0.191243 0.061962
vt 0.176696 0.050023
vt 0.160099 0.041151
vt 0.142090 0.035688
vt 0.123361 0.033844
vt 0.104633 0.035688
vt 0.086624 0.041151
vt 0.070026 0.050023
vt 0.055479 0.061962
vt 0.043540 0.076509
vt 0.034669 0.093106
vt 0.029206 0.111115
vt 0.027361 0.129844
vt 0.029206 0.148572
vt 0.034669 0.166581
vt 0.043540 0.183179
vt 0.055479 0.197726
vt 0.070026 0.209665
vt 0.086624 0.218536
vt 0.323361 0.225844
vt 0.342090 0.223999
vt 0.360099 0.218536
vt 0.376696 0.209665
vt 0.391243 0.197726
vt 0.403182 0.183179
vt 0.412054 0.166581
vt 0.417517 0.148572
vt 0.419361 0.129844
vt 0.417517 0.111115
vt 0.412054 0.093106
vt 0.403182 0.076509
vt 0.391243 0.061962
vt 0.376696 0.050023
vt 0.360099 0.041151
vt 0.342090 0.035688
vt 0.323361 0.033844
vt 0.304633 0.035688
vt 0.286624 0.041151
vt 0.270026 0.050023
vt 0.255479 0.061962
vt 0.243540 0.076509
vt 0.234669 0.093106
vt 0.229206 0.111115
vt 0.227361 0.129844
vt 0.229206 0.148572
vt 0.234669 0.166581
vt 0.243540 0.183179
vt 0.255479 0.197726
vt 0.270026 0.209665
vt 0.286624 0.218536
vt 0.304633 0.223999
vt 0.104633 0.223999
vt 0.351007 0.785727
vt 0.351007 0.935727
vt 0.341632 0.935727
vt 0.341632 0.785727
vt 0.332257 0.935727
vt 0.332257 0.785727
vt 0.322882 0.935727
vt 0.322882 0.785727
vt 0.313507 0.935727
vt 0.313507 0.785727
vt 0.304132 0.935727
vt 0.304132 0.785727
vt 0.294757 0.935727
vt 0.294757 0.785727
vt 0.285382 0.935727
vt 0.285382 0.785727
vt 0.276007 0.935727
vt 0.276007 0.785727
vt 0.266632 0.935727
vt 0.266632 0.785727
vt 0.257257 0.935727
vt 0.257257 0.785727
vt 0.247882 0.935727
vt 0.247882 0.785727
vt 0.238507 0.935727
vt 0.238507 0.785727
vt 0.229132 0.935727
vt 0.229132 0.785727
vt 0.219757 0.935727
vt 0.219757 0.785727
vt 0.210382 0.935727
vt 0.210382 0.785727
vt 0.201007 0.935727
vt 0.201007 0.785727
vt 0.191632 0.935727
vt 0.191632 0.785727
vt 0.182257 0.935727
vt 0.182257 0.785727
vt 0.172882 0.935727
vt 0.172882 0.785727
vt 0.163507 0.935727
vt 0.163507 0.785727
vt 0.154132 0.935727
vt 0.154132 0.785727
vt 0.144757 0.935727
vt 0.144757 0.785727
vt 0.135382 0.935727
vt 0.135382 0.785727
vt 0.126007 0.935727
vt 0.126007 0.785727
vt 0.116632 0.935727
vt 0.116632 0.785727
vt 0.107257 0.935727
vt 0.107257 0.785727
vt 0.097882 0.935727
vt 0.097882 0.785727
vt 0.088507 0.935727
vt 0.088507 0.785727
vt 0.079132 0.935727
vt 0.079132 0.785727
vt 0.069757 0.935727
vt 0.069757 0.785727
vt 0.140053 0.781344
vt 0.126007 0.782727
vt 0.111960 0.781344
vt 0.098453 0.777247
vt 0.086006 0.770593
vt 0.075095 0.761639
vt 0.066141 0.750728
vt 0.059487 0.738281
vt 0.055390 0.724774
vt 0.054007 0.710727
vt 0.055390 0.696681
vt 0.059487 0.683174
vt 0.066141 0.670726
vt 0.075095 0.659816
vt 0.086006 0.650862
vt 0.098453 0.644208
vt 0.111960 0.640111
vt 0.126007 0.638727
vt 0.140053 0.640111
vt 0.153560 0.644208
vt 0.166008 0.650862
vt 0.176918 0.659816
vt 0.185872 0.670726
vt 0.192526 0.683174
vt 0.196623 0.696681
vt 0.198007 0.710727
vt 0.196623 0.724774
vt 0.192526 0.738281
vt 0.185872 0.750728
vt 0.176918 0.761639
vt 0.166008 0.770593
vt 0.153560 0.777247
vt 0.060382 0.935727
vt 0.060382 0.785727
vt 0.051007 0.935727
vt 0.051007 0.785727
vt 0.276007 0.782727
vt 0.290053 0.781344
vt 0.303560 0.777247
vt 0.316008 0.770593
vt 0.326918 0.761639
vt 0.335872 0.750728
vt 0.342526 0.738281
vt 0.346623 0.724774
vt 0.348007 0.710727
vt 0.346623 0.696681
vt 0.342526 0.683174
vt 0.335872 0.670726
vt 0.326918 0.659816
vt 0.316008 0.650862
vt 0.303560 0.644208
vt 0.290053 0.640111
vt 0.276007 0.638727
vt 0.261960 0.640111
vt 0.248453 0.644208
vt 0.236006 0.650862
vt 0.225095 0.659816
vt 0.216141 0.670726
vt 0.209487 0.683174
vt 0.205390 0.696681
vt 0.204007 0.710727
vt 0.205390 0.724774
vt 0.209487 0.738281
vt 0.216141 0.750728
vt 0.225095 0.761639
vt 0.236006 0.770593
vt 0.248453 0.777247
vt 0.261960 0.781344
vt 0.812965 0.812965
vt 0.819215 0.812965
vt 0.819215 0.837965
vt 0.812965 0.837965
vt 0.819215 0.862965
vt 0.812965 0.862965
vt 0.819215 0.887965
vt 0.812965 0.887965
vt 0.819215 0.912965
vt 0.812965 0.912965
vt 0.819215 0.937965
vt 0.812965 0.937965
vt 0.819215 0.962965
vt 0.812965 0.962965
vt 0.812965 0.662965
vt 0.819215 0.662965
vt 0.819215 0.687965
vt 0.812965 0.687965
vt 0.819215 0.712965
vt 0.812965 0.712965
vt 0.819215 0.737965
vt 0.812965 0.737965
vt 0.819215 0.762965
vt 0.812965 0.762965
vt 0.819215 0.787965
vt 0.812965 0.787965
vt 0.825465 0.812965
vt 0.825465 0.837965
vt 0.825465 0.862965
vt 0.825465 0.887965
vt 0.825465 0.912965
vt 0.825465 0.937965
vt 0.825465 0.962965
vt 0.825465 0.662965
vt 0.825465 0.687965
vt 0.825465 0.712965
vt 0.825465 0.737965
vt 0.825465 0.762965
vt 0.825465 0.787965
vt 0.831715 0.812965
vt 0.831715 0.837965
vt 0.831715 0.862965
vt 0.831715 0.887965
vt 0.831715 0.912965
vt 0.831715 0.937965
vt 0.831715 0.962965
vt 0.831715 0.662965
vt 0.831715 0.687965
vt 0.831715 0.712965
vt 0.831715 0.737965
vt 0.831715 0.762965
vt 0.831715 0.787965
vt 0.837965 0.812965
vt 0.837965 0.837965
vt 0.837965 0.862965
vt 0.837965 0.887965
vt 0.837965 0.912965
vt 0.837965 0.937965
vt 0.837965 0.962965
vt 0.837965 0.662965
vt 0.837965 0.687965
vt 0.837965 0.712965
vt 0.837965 0.737965
vt 0.837965 0.762965
vt 0.837965 0.787965
vt 0.844215 0.812965
vt 0.844215 0.837965
vt 0.844215 0.862965
vt 0.844215 0.887965
vt 0.844215 0.912965
vt 0.844215 0.937965
vt 0.844215 0.962965
vt 0.844215 0.662965
vt 0.844215 0.687965
vt 0.844215 0.712965
vt 0.844215 0.737965
vt 0.844215 0.762965
vt 0.844215 0.787965
vt 0.850465 0.812965
vt 0.850465 0.837965
vt 0.850465 0.862965
vt 0.850465 0.887965
vt 0.850465 0.912965
vt 0.850465 0.937965
vt 0.850465 0.962965
vt 0.850465 0.662965
vt 0.850465 0.687965
vt 0.850465 0.712965
vt 0.850465 0.737965
vt 0.850465 0.762965
vt 0.850465 0.787965
vt 0.856715 0.812965
vt 0.856715 0.837965
vt 0.856715 0.862965
vt 0.856715 0.887965
vt 0.856715 0.912965
vt 0.856715 0.937965
vt 0.856715 0.962965
vt 0.856715 0.662965
vt 0.856715 0.687965
vt 0.856715 0.712965
vt 0.856715 0.737965
vt 0.856715 0.762965
vt 0.856715 0.787965
vt 0.862965 0.812965
vt 0.862965 0.837965
vt 0.862965 0.862965
vt 0.862965 0.887965
vt 0.862965 0.912965
vt 0.862965 0.937965
vt 0.862965 0.962965
vt 0.862965 0.662965
vt 0.862965 0.687965
vt 0.862965 0.712965
vt 0.862965 0.737965
vt 0.862965 0.762965
vt 0.862965 0.787965
vt 0.869215 0.812965
vt 0.869215 0.837965
vt 0.869215 0.862965
vt 0.869215 0.887965
vt 0.869215 0.912965
vt 0.869215 0.937965
vt 0.869215 0.962965
vt 0.869215 0.662965
vt 0.869215 0.687965
vt 0.869215 0.712965
vt 0.869215 0.737965
vt 0.869215 0.762965
vt 0.869215 0.787965
vt 0.875465 0.812965
vt 0.875465 0.837965
vt 0.875465 0.862965
vt 0.875465 0.887965
vt 0.875465 0.912965
vt 0.875465 0.937965
vt 0.875465 0.962965
vt 0.875465 0.662965
vt 0.875465 0.687965
vt 0.875465 0.712965
vt 0.875465 0.737965
vt 0.875465 0.762965
vt 0.875465 0.787965
vt 0.881715 0.812965
vt 0.881715 0.837965
vt 0.881715 0.862965
vt 0.881715 0.887965
vt 0.881715 0.912965
vt 0.881715 0.937965
vt 0.881715 0.962965
vt 0.881715 0.662965
vt 0.881715 0.687965
vt 0.881715 0.712965
vt 0.881715 0.737965
vt 0.881715 0.762965
vt 0.881715 0.787965
vt 0.887965 0.812965
vt 0.887965 0.837965
vt 0.887965 0.862965
vt 0.887965 0.887965
vt 0.887965 0.912965
vt 0.887965 0.937965
vt 0.887965 0.962965
vt 0.887965 0.662965
vt 0.887965 0.687965
vt 0.887965 0.712965
vt 0.887965 0.737965
vt 0.887965 0.762965
vt 0.887965 0.787965
vt 0.894215 0.812965
vt 0.894215 0.837965
vt 0.894215 0.862965
vt 0.894215 0.887965
vt 0.894215 0.912965
vt 0.894215 0.937965
vt 0.894215 0.962965
vt 0.894215 0.662965
vt 0.894215 0.687965
vt 0.894215 0.712965
vt 0.894215 0.737965
vt 0.894215 0.762965
vt 0.894215 0.787965
vt 0.900465 0.812965
vt 0.900465 0.837965
vt 0.900465 0.862965
vt 0.900465 0.887965
vt 0.900465 0.912965
vt 0.900465 0.937965
vt 0.900465 0.962965
vt 0.900465 0.662965
vt 0.900465 0.687965
vt 0.900465 0.712965
vt 0.900465 0.737965
vt 0.900465 0.762965
vt 0.900465 0.787965
vt 0.906715 0.812965
vt 0.906715 0.837965
vt 0.906715 0.862965
vt 0.906715 0.887965
vt 0.906715 0.912965
vt 0.906715 0.937965
vt 0.906715 0.962965
vt 0.906715 0.662965
vt 0.906715 0.687965
vt 0.906715 0.712965
vt 0.906715 0.737965
vt 0.906715 0.762965
vt 0.906715 0.787965
vt 0.912965 0.812965
vt 0.912965 0.837965
vt 0.912965 0.862965
vt 0.912965 0.887965
vt 0.912965 0.912965
vt 0.912965 0.937965
vt 0.912965 0.962965
vt 0.912965 0.662965
vt 0.912965 0.687965
vt 0.912965 0.712965
vt 0.912965 0.737965
vt 0.912965 0.762965
vt 0.912965 0.787965
vt 0.919215 0.812965
vt 0.919215 0.837965
vt 0.919215 0.862965
vt 0.919215 0.887965
vt 0.919215 0.912965
vt 0.919215 0.937965
vt 0.919215 0.962965
vt 0.919215 0.662965
vt 0.919215 0.687965
vt 0.919215 0.712965
vt 0.919215 0.737965
vt 0.919215 0.762965
vt 0.919215 0.787965
vt 0.925465 0.812965
vt 0.925465 0.837965
vt 0.925465 0.862965
vt 0.925465 0.887965
vt 0.925465 0.912965
vt 0.925465 0.937965
vt 0.925465 0.962965
vt 0.925465 0.662965
vt 0.925465 0.687965
vt 0.925465 0.712965
vt 0.925465 0.737965
vt 0.925465 0.762965
vt 0.925465 0.787965
vt 0.931715 0.812965
vt 0.931715 0.837965
vt 0.931715 0.862965
vt 0.931715 0.887965
vt 0.931715 0.912965
vt 0.931715 0.937965
vt 0.931715 0.962965
vt 0.931715 0.662965
vt 0.931715 0.687965
vt 0.931715 0.712965
vt 0.931715 0.737965
vt 0.931715 0.762965
vt 0.931715 0.787965
vt 0.937965 0.812965
vt 0.937965 0.837965
vt 0.937965 0.862965
vt 0.937965 0.887965
vt 0.937965 0.912965
vt 0.937965 0.937965
vt 0.937965 0.962965
vt 0.937965 0.662965
vt 0.937965 0.687965
vt 0.937965 0.712965
vt 0.937965 0.737965
vt 0.937965 0.762965
vt 0.937965 0.787965
vt 0.944215 0.812965
vt 0.944215 0.837965
vt 0.944215 0.862965
vt 0.944215 0.887965
vt 0.944215 0.912965
vt 0.944215 0.937965
vt 0.944215 0.962965
vt 0.944215 0.662965
vt 0.944215 0.687965
vt 0.944215 0.712965
vt 0.944215 0.737965
vt 0.944215 0.762965
vt 0.944215 0.787965
vt 0.950465 0.812965
vt 0.950465 0.837965
vt 0.950465 0.862965
vt 0.950465 0.887965
vt 0.950465 0.912965
vt 0.950465 0.937965
vt 0.950465 0.962965
vt 0.950465 0.662965
vt 0.950465 0.687965
vt 0.950465 0.712965
vt 0.950465 0.737965
vt 0.950465 0.762965
vt 0.950465 0.787965
vt 0.956715 0.812965
vt 0.956715 0.837965
vt 0.956715 0.862965
vt 0.956715 0.887965
vt 0.956715 0.912965
vt 0.956715 0.937965
vt 0.956715 0.962965
vt 0.956715 0.662965
vt 0.956715 0.687965
vt 0.956715 0.712965
vt 0.956715 0.737965
vt 0.956715 0.762965
vt 0.956715 0.787965
vt 0.962965 0.812965
vt 0.962965 0.837965
vt 0.962965 0.862965
vt 0.962965 0.887965
vt 0.962965 0.912965
vt 0.962965 0.937965
vt 0.962965 0.962965
vt 0.962965 0.662965
vt 0.962965 0.687965
vt 0.962965 0.712965
vt 0.962965 0.737965
vt 0.962965 0.762965
vt 0.962965 0.787965
vt 0.662965 0.812965
vt 0.669215 0.812965
vt 0.669215 0.837965
vt 0.662965 0.837965
vt 0.669215 0.862965
vt 0.662965 0.862965
vt 0.669215 0.887965
vt 0.662965 0.887965
vt 0.669215 0.912965
vt 0.662965 0.912965
vt 0.669215 0.937965
vt 0.662965 0.937965
vt 0.669215 0.962965
vt 0.662965 0.962965
vt 0.662965 0.662965
vt 0.669215 0.662965
vt 0.669215 0.687965
vt 0.662965 0.687965
vt 0.669215 0.712965
vt 0.662965 0.712965
vt 0.669215 0.737965
vt 0.662965 0.737965
vt 0.669215 0.762965
vt 0.662965 0.762965
vt 0.669215 0.787965
vt 0.662965 0.787965
vt 0.675465 0.812965
vt 0.675465 0.837965
vt 0.675465 0.862965
vt 0.675465 0.887965
vt 0.675465 0.912965
vt 0.675465 0.937965
vt 0.675465 0.962965
vt 0.675465 0.662965
vt 0.675465 0.687965
vt 0.675465 0.712965
vt 0.675465 0.737965
vt 0.675465 0.762965
vt 0.675465 0.787965
vt 0.681715 0.812965
vt 0.681715 0.837965
vt 0.681715 0.862965
vt 0.681715 0.887965
vt 0.681715 0.912965
vt 0.681715 0.937965
vt 0.681715 0.962965
vt 0.681715 0.662965
vt 0.681715 0.687965
vt 0.681715 0.712965
vt 0.681715 0.737965
vt 0.681715 0.762965
vt 0.681715 0.787965
vt 0.687965 0.812965
vt 0.687965 0.837965
vt 0.687965 0.862965
vt 0.687965 0.887965
vt 0.687965 0.912965
vt 0.687965 0.937965
vt 0.687965 0.962965
vt 0.687965 0.662965
vt 0.687965 0.687965
vt 0.687965 0.712965
vt 0.687965 0.737965
vt 0.687965 0.762965
vt 0.687965 0.787965
vt 0.694215 0.812965
vt 0.694215 0.837965
vt 0.694215 0.862965
vt 0.694215 0.887965
vt 0.694215 0.912965
vt 0.694215 0.937965
vt 0.694215 0.962965
vt 0.694215 0.662965
vt 0.694215 0.687965
vt 0.694215 0.712965
vt 0.694215 0.737965
vt 0.694215 0.762965
vt 0.694215 0.787965
vt 0.700465 0.812965
vt 0.700465 0.837965
vt 0.700465 0.862965
vt 0.700465 0.887965
vt 0.700465 0.912965
vt 0.700465 0.937965
vt 0.700465 0.962965
vt 0.700465 0.662965
vt 0.700465 0.687965
vt 0.700465 0.712965
vt 0.700465 0.737965
vt 0.700465 0.762965
vt 0.700465 0.787965
vt 0.706715 0.812965
vt 0.706715 0.837965
vt 0.706715 0.862965
vt 0.706715 0.887965
vt 0.706715 0.912965
vt 0.706715 0.937965
vt 0.706715 0.962965
vt 0.706715 0.662965
vt 0.706715 0.687965
vt 0.706715 0.712965
vt 0.706715 0.737965
vt 0.706715 0.762965
vt 0.706715 0.787965
vt 0.712965 0.812965
vt 0.712965 0.837965
vt 0.712965 0.862965
vt 0.712965 0.887965
vt 0.712965 0.912965
vt 0.712965 0.937965
vt 0.712965 0.962965
vt 0.712965 0.662965
vt 0.712965 0.687965
vt 0.712965 0.712965
vt 0.712965 0.737965
vt 0.712965 0.762965
vt 0.712965 0.787965
vt 0.719215 0.812965
vt 0.719215 0.837965
vt 0.719215 0.862965
vt 0.719215 0.887965
vt 0.719215 0.912965
vt 0.719215 0.937965
vt 0.719215 0.962965
vt 0.719215 0.662965
vt 0.719215 0.687965
vt 0.719215 0.712965
vt 0.719215 0.737965
vt 0.719215 0.762965
vt 0.719215 0.787965
vt 0.725465 0.812965
vt 0.725465 0.837965
vt 0.725465 0.862965
vt 0.725465 0.887965
vt 0.725465 0.912965
vt 0.725465 0.937965
vt 0.725465 0.962965
vt 0.725465 0.662965
vt 0.725465 0.687965
vt 0.725465 0.712965
vt 0.725465 0.737965
vt 0.725465 0.762965
vt 0.725465 0.787965
vt 0.731715 0.812965
vt 0.731715 0.837965
vt 0.731715 0.862965
vt 0.731715 0.887965
vt 0.731715 0.912965
vt 0.731715 0.937965
vt 0.731715 0.962965
vt 0.731715 0.662965
vt 0.731715 0.687965
vt 0.731715 0.712965
vt 0.731715 0.737965
vt 0.731715 0.762965
vt 0.731715 0.787965
vt 0.737965 0.812965
vt 0.737965 0.837965
vt 0.737965 0.862965
vt 0.737965 0.887965
vt 0.737965 0.912965
vt 0.737965 0.937965
vt 0.737965 0.962965
vt 0.737965 0.662965
vt 0.737965 0.687965
vt 0.737965 0.712965
vt 0.737965 0.737965
vt 0.737965 0.762965
vt 0.737965 0.787965
vt 0.744215 0.812965
vt 0.744215 0.837965
vt 0.744215 0.862965
vt 0.744215 0.887965
vt 0.744215 0.912965
vt 0.744215 0.937965
vt 0.744215 0.962965
vt 0.744215 0.662965
vt 0.744215 0.687965
vt 0.744215 0.712965
vt 0.744215 0.737965
vt 0.744215 0.762965
vt 0.744215 0.787965
vt 0.750465 0.812965
vt 0.750465 0.837965
vt 0.750465 0.862965
vt 0.750465 0.887965
vt 0.750465 0.912965
vt 0.750465 0.937965
vt 0.750465 0.962965
vt 0.750465 0.662965
vt 0.750465 0.687965
vt 0.750465 0.712965
vt 0.750465 0.737965
vt 0.750465 0.762965
vt 0.750465 0.787965
vt 0.756715 0.812965
vt 0.756715 0.837965
vt 0.756715 0.862965
vt 0.756715 0.887965
vt 0.756715 0.912965
vt 0.756715 0.937965
vt 0.756715 0.962965
vt 0.756715 0.662965
vt 0.756715 0.687965
vt 0.756715 0.712965
vt 0.756715 0.737965
vt 0.756715 0.762965
vt 0.756715 0.787965
vt 0.762965 0.812965
vt 0.762965 0.837965
vt 0.762965 0.862965
vt 0.762965 0.887965
vt 0.762965 0.912965
vt 0.762965 0.937965
vt 0.762965 0.962965
vt 0.762965 0.662965
vt 0.762965 0.687965
vt 0.762965 0.712965
vt 0.762965 0.737965
vt 0.762965 0.762965
vt 0.762965 0.787965
vt 0.769215 0.812965
vt 0.769215 0.837965
vt 0.769215 0.862965
vt 0.769215 0.887965
vt 0.769215 0.912965
vt 0.769215 0.937965
vt 0.769215 0.962965
vt 0.769215 0.662965
vt 0.769215 0.687965
vt 0.769215 0.712965
vt 0.769215 0.737965
vt 0.769215 0.762965
vt 0.769215 0.787965
vt 0.775465 0.812965
vt 0.775465 0.837965
vt 0.775465 0.862965
vt 0.775465 0.887965
vt 0.775465 0.912965
vt 0.775465 0.937965
vt 0.775465 0.962965
vt 0.775465 0.662965
vt 0.775465 0.687965
vt 0.775465 0.712965
vt 0.775465 0.737965
vt 0.775465 0.762965
vt 0.775465 0.787965
vt 0.781715 0.812965
vt 0.781715 0.837965
vt 0.781715 0.862965
vt 0.781715 0.887965
vt 0.781715 0.912965
vt 0.781715 0.937965
vt 0.781715 0.962965
vt 0.781715 0.662965
vt 0.781715 0.687965
vt 0.781715 0.712965
vt 0.781715 0.737965
vt 0.781715 0.762965
vt 0.781715 0.787965
vt 0.787965 0.812965
vt 0.787965 0.837965
vt 0.787965 0.862965
vt 0.787965 0.887965
vt 0.787965 0.912965
vt 0.787965 0.937965
vt 0.787965 0.962965
vt 0.787965 0.662965
vt 0.787965 0.687965
vt 0.787965 0.712965
vt 0.787965 0.737965
vt 0.787965 0.762965
vt 0.787965 0.787965
vt 0.794215 0.812965
vt 0.794215 0.837965
vt 0.794215 0.862965
vt 0.794215 0.887965
vt 0.794215 0.912965
vt 0.794215 0.937965
vt 0.794215 0.962965
vt 0.794215 0.662965
vt 0.794215 0.687965
vt 0.794215 0.712965
vt 0.794215 0.737965
vt 0.794215 0.762965
vt 0.794215 0.787965
vt 0.800465 0.812965
vt 0.800465 0.837965
vt 0.800465 0.862965
vt 0.800465 0.887965
vt 0.800465 0.912965
vt 0.800465 0.937965
vt 0.800465 0.962965
vt 0.800465 0.662965
vt 0.800465 0.687965
vt 0.800465 0.712965
vt 0.800465 0.737965
vt 0.800465 0.762965
vt 0.800465 0.787965
vt 0.806715 0.812965
vt 0.806715 0.837965
vt 0.806715 0.862965
vt 0.806715 0.887965
vt 0.806715 0.912965
vt 0.806715 0.937965
vt 0.806715 0.962965
vt 0.806715 0.662965
vt 0.806715 0.687965
vt 0.806715 0.712965
vt 0.806715 0.737965
vt 0.806715 0.762965
vt 0.806715 0.787965
vt 0.871199 0.329462
vt 0.866512 0.348212
vt 0.861824 0.329462
vt 0.866512 0.048212
vt 0.871199 0.066962
vt 0.861824 0.066962
vt 0.871199 0.179462
vt 0.871199 0.198212
vt 0.861824 0.198212
vt 0.861824 0.179462
vt 0.871199 0.310712
vt 0.861824 0.310712
vt 0.871199 0.160712
vt 0.861824 0.160712
vt 0.871199 0.291962
vt 0.861824 0.291962
vt 0.871199 0.141962
vt 0.861824 0.141962
vt 0.871199 0.273212
vt 0.861824 0.273212
vt 0.871199 0.123212
vt 0.861824 0.123212
vt 0.871199 0.254462
vt 0.861824 0.254462
vt 0.871199 0.104462
vt 0.861824 0.104462
vt 0.871199 0.235712
vt 0.861824 0.235712
vt 0.871199 0.085712
vt 0.861824 0.085712
vt 0.871199 0.216962
vt 0.861824 0.216962
vt 0.852449 0.085712
vt 0.852449 0.066962
vt 0.852449 0.216962
vt 0.852449 0.198212
vt 0.857137 0.348212
vt 0.852449 0.329462
vt 0.857137 0.048212
vt 0.852449 0.179462
vt 0.852449 0.310712
vt 0.852449 0.160712
vt 0.852449 0.291962
vt 0.852449 0.141962
vt 0.852449 0.273212
vt 0.852449 0.123212
vt 0.852449 0.254462
vt 0.852449 0.104462
vt 0.852449 0.235712
vt 0.843074 0.291962
vt 0.843074 0.273212
vt 0.843074 0.141962
vt 0.843074 0.123212
vt 0.843074 0.254462
vt 0.843074 0.104462
vt 0.843074 0.235712
vt 0.843074 0.085712
vt 0.843074 0.216962
vt 0.843074 0.066962
vt 0.843074 0.198212
vt 0.847762 0.348212
vt 0.843074 0.329462
vt 0.847762 0.048212
vt 0.843074 0.179462
vt 0.843074 0.310712
vt 0.843074 0.160712
vt 0.833699 0.216962
vt 0.833699 0.198212
vt 0.838387 0.348212
vt 0.833699 0.329462
vt 0.838387 0.048212
vt 0.833699 0.066962
vt 0.833699 0.179462
vt 0.833699 0.310712
vt 0.833699 0.160712
vt 0.833699 0.291962
vt 0.833699 0.141962
vt 0.833699 0.273212
vt 0.833699 0.123212
vt 0.833699 0.254462
vt 0.833699 0.104462
vt 0.833699 0.235712
vt 0.833699 0.085712
vt 0.824324 0.141962
vt 0.824324 0.123212
vt 0.824324 0.273212
vt 0.824324 0.254462
vt 0.824324 0.104462
vt 0.824324 0.235712
vt 0.824324 0.085712
vt 0.824324 0.216962
vt 0.824324 0.066962
vt 0.824324 0.198212
vt 0.829012 0.348212
vt 0.824324 0.329462
vt 0.829012 0.048212
vt 0.824324 0.179462
vt 0.824324 0.310712
vt 0.824324 0.160712
vt 0.824324 0.291962
vt 0.819637 0.348212
vt 0.814949 0.329462
vt 0.819637 0.048212
vt 0.814949 0.066962
vt 0.814949 0.198212
vt 0.814949 0.179462
vt 0.814949 0.310712
vt 0.814949 0.160712
vt 0.814949 0.291962
vt 0.814949 0.141962
vt 0.814949 0.273212
vt 0.814949 0.123212
vt 0.814949 0.254462
vt 0.814949 0.104462
vt 0.814949 0.235712
vt 0.814949 0.085712
vt 0.814949 0.216962
vt 0.805574 0.273212
vt 0.805574 0.254462
vt 0.805574 0.123212
vt 0.805574 0.104462
vt 0.805574 0.235712
vt 0.805574 0.085712
vt 0.805574 0.216962
vt 0.805574 0.066962
vt 0.805574 0.198212
vt 0.810262 0.348212
vt 0.805574 0.329462
vt 0.810262 0.048212
vt 0.805574 0.179462
vt 0.805574 0.310712
vt 0.805574 0.160712
vt 0.805574 0.291962
vt 0.805574 0.141962
vt 0.796199 0.198212
vt 0.796199 0.179462
vt 0.796199 0.329462
vt 0.796199 0.310712
vt 0.796199 0.160712
vt 0.796199 0.291962
vt 0.796199 0.141962
vt 0.796199 0.273212
vt 0.796199 0.123212
vt 0.796199 0.254462
vt 0.796199 0.104462
vt 0.796199 0.235712
vt 0.796199 0.085712
vt 0.796199 0.216962
vt 0.796199 0.066962
vt 0.800887 0.348212
vt 0.800887 0.048212
vt 0.786824 0.123212
vt 0.786824 0.104462
vt 0.786824 0.254462
vt 0.786824 0.235712
vt 0.786824 0.085712
vt 0.786824 0.216962
vt 0.786824 0.066962
vt 0.786824 0.198212
vt 0.791512 0.348212
vt 0.786824 0.329462
vt 0.791512 0.048212
vt 0.786824 0.179462
vt 0.786824 0.310712
vt 0.786824 0.160712
vt 0.786824 0.291962
vt 0.786824 0.141962
vt 0.786824 0.273212
vt 0.777449 0.179462
vt 0.777449 0.160712
vt 0.777449 0.310712
vt 0.777449 0.291962
vt 0.777449 0.141962
vt 0.777449 0.273212
vt 0.777449 0.123212
vt 0.777449 0.254462
vt 0.777449 0.104462
vt 0.777449 0.235712
vt 0.777449 0.085712
vt 0.777449 0.216962
vt 0.777449 0.066962
vt 0.777449 0.198212
vt 0.782137 0.348212
vt 0.777449 0.329462
vt 0.782137 0.048212
vt 0.768074 0.104462
vt 0.768074 0.085712
vt 0.768074 0.235712
vt 0.768074 0.216962
vt 0.768074 0.066962
vt 0.768074 0.198212
vt 0.772762 0.348212
vt 0.768074 0.329462
vt 0.772762 0.048212
vt 0.768074 0.179462
vt 0.768074 0.310712
vt 0.768074 0.160712
vt 0.768074 0.291962
vt 0.768074 0.141962
vt 0.768074 0.273212
vt 0.768074 0.123212
vt 0.768074 0.254462
vt 0.758699 0.310712
vt 0.758699 0.291962
vt 0.758699 0.160712
vt 0.758699 0.141962
vt 0.758699 0.273212
vt 0.758699 0.123212
vt 0.758699 0.254462
vt 0.758699 0.104462
vt 0.758699 0.235712
vt 0.758699 0.085712
vt 0.758699 0.216962
vt 0.758699 0.066962
vt 0.758699 0.198212
vt 0.763387 0.348212
vt 0.758699 0.329462
vt 0.763387 0.048212
vt 0.758699 0.179462
vt 0.749324 0.235712
vt 0.749324 0.216962
vt 0.749324 0.085712
vt 0.749324 0.066962
vt 0.749324 0.198212
vt 0.754012 0.348212
vt 0.749324 0.329462
vt 0.754012 0.048212
vt 0.749324 0.179462
vt 0.749324 0.310712
vt 0.749324 0.160712
vt 0.749324 0.291962
vt 0.749324 0.141962
vt 0.749324 0.273212
vt 0.749324 0.123212
vt 0.749324 0.254462
vt 0.749324 0.104462
vt 0.739949 0.160712
vt 0.739949 0.141962
vt 0.739949 0.291962
vt 0.739949 0.273212
vt 0.739949 0.123212
vt 0.739949 0.254462
vt 0.739949 0.104462
vt 0.739949 0.235712
vt 0.739949 0.085712
vt 0.739949 0.216962
vt 0.739949 0.066962
vt 0.739949 0.198212
vt 0.744637 0.348212
vt 0.739949 0.329462
vt 0.744637 0.048212
vt 0.739949 0.179462
vt 0.739949 0.310712
vt 0.730574 0.085712
vt 0.730574 0.066962
vt 0.730574 0.216962
vt 0.730574 0.198212
vt 0.735262 0.348212
vt 0.730574 0.329462
vt 0.735262 0.048212
vt 0.730574 0.179462
vt 0.730574 0.310712
vt 0.730574 0.160712
vt 0.730574 0.291962
vt 0.730574 0.141962
vt 0.730574 0.273212
vt 0.730574 0.123212
vt 0.730574 0.254462
vt 0.730574 0.104462
vt 0.730574 0.235712
vt 0.721199 0.291962
vt 0.721199 0.273212
vt 0.721199 0.141962
vt 0.721199 0.123212
vt 0.721199 0.254462
vt 0.721199 0.104462
vt 0.721199 0.235712
vt 0.721199 0.085712
vt 0.721199 0.216962
vt 0.721199 0.066962
vt 0.721199 0.198212
vt 0.725887 0.348212
vt 0.721199 0.329462
vt 0.725887 0.048212
vt 0.721199 0.179462
vt 0.721199 0.310712
vt 0.721199 0.160712
vt 0.711824 0.216962
vt 0.711824 0.198212
vt 0.716512 0.348212
vt 0.711824 0.329462
vt 0.716512 0.048212
vt 0.711824 0.066962
vt 0.711824 0.179462
vt 0.711824 0.310712
vt 0.711824 0.160712
vt 0.711824 0.291962
vt 0.711824 0.141962
vt 0.711824 0.273212
vt 0.711824 0.123212
vt 0.711824 0.254462
vt 0.711824 0.104462
vt 0.711824 0.235712
vt 0.711824 0.085712
vt 0.702449 0.141962
vt 0.702449 0.123212
vt 0.702449 0.273212
vt 0.702449 0.254462
vt 0.702449 0.104462
vt 0.702449 0.235712
vt 0.702449 0.085712
vt 0.702449 0.216962
vt 0.702449 0.066962
vt 0.702449 0.198212
vt 0.707137 0.348212
vt 0.702449 0.329462
vt 0.707137 0.048212
vt 0.702449 0.179462
vt 0.702449 0.310712
vt 0.702449 0.160712
vt 0.702449 0.291962
vt 0.697762 0.048212
vt 0.693074 0.066962
vt 0.693074 0.198212
vt 0.693074 0.179462
vt 0.693074 0.329462
vt 0.693074 0.310712
vt 0.693074 0.160712
vt 0.693074 0.291962
vt 0.693074 0.141962
vt 0.693074 0.273212
vt 0.693074 0.123212
vt 0.693074 0.254462
vt 0.693074 0.104462
vt 0.693074 0.235712
vt 0.693074 0.085712
vt 0.693074 0.216962
vt 0.697762 0.348212
vt 0.683699 0.123212
vt 0.683699 0.104462
vt 0.683699 0.254462
vt 0.683699 0.235712
vt 0.683699 0.085712
vt 0.683699 0.216962
vt 0.683699 0.066962
vt 0.683699 0.198212
vt 0.688387 0.348212
vt 0.683699 0.329462
vt 0.688387 0.048212
vt 0.683699 0.179462
vt 0.683699 0.310712
vt 0.683699 0.160712
vt 0.683699 0.291962
vt 0.683699 0.141962
vt 0.683699 0.273212
vt 0.674324 0.329462
vt 0.674324 0.310712
vt 0.674324 0.179462
vt 0.674324 0.160712
vt 0.674324 0.291962
vt 0.674324 0.141962
vt 0.674324 0.273212
vt 0.674324 0.123212
vt 0.674324 0.254462
vt 0.674324 0.104462
vt 0.674324 0.235712
vt 0.674324 0.085712
vt 0.674324 0.216962
vt 0.674324 0.066962
vt 0.674324 0.198212
vt 0.679012 0.348212
vt 0.679012 0.048212
vt 0.664949 0.254462
vt 0.664949 0.235712
vt 0.664949 0.104462
vt 0.664949 0.085712
vt 0.664949 0.216962
vt 0.664949 0.066962
vt 0.664949 0.198212
vt 0.669637 0.348212
vt 0.664949 0.329462
vt 0.669637 0.048212
vt 0.664949 0.179462
vt 0.664949 0.310712
vt 0.664949 0.160712
vt 0.664949 0.291962
vt 0.664949 0.141962
vt 0.664949 0.273212
vt 0.664949 0.123212
vt 0.655574 0.179462
vt 0.655574 0.160712
vt 0.655574 0.310712
vt 0.655574 0.291962
vt 0.655574 0.141962
vt 0.655574 0.273212
vt 0.655574 0.123212
vt 0.655574 0.254462
vt 0.655574 0.104462
vt 0.655574 0.235712
vt 0.655574 0.085712
vt 0.655574 0.216962
vt 0.655574 0.066962
vt 0.655574 0.198212
vt 0.660262 0.348212
vt 0.655574 0.329462
vt 0.660262 0.048212
vt 0.646199 0.104462
vt 0.646199 0.085712
vt 0.646199 0.235712
vt 0.646199 0.216962
vt 0.646199 0.066962
vt 0.646199 0.198212
vt 0.650887 0.348212
vt 0.646199 0.329462
vt 0.650887 0.048212
vt 0.646199 0.179462
vt 0.646199 0.310712
vt 0.646199 0.160712
vt 0.646199 0.291962
vt 0.646199 0.141962
vt 0.646199 0.273212
vt 0.646199 0.123212
vt 0.646199 0.254462
vt 0.946199 0.291962
vt 0.946199 0.310712
vt 0.936824 0.310712
vt 0.936824 0.291962
vt 0.946199 0.141962
vt 0.946199 0.160712
vt 0.936824 0.160712
vt 0.936824 0.141962
vt 0.946199 0.273212
vt 0.936824 0.273212
vt 0.946199 0.123212
vt 0.936824 0.123212
vt 0.946199 0.254462
vt 0.936824 0.254462
vt 0.946199 0.104462
vt 0.936824 0.104462
vt 0.946199 0.235712
vt 0.936824 0.235712
vt 0.946199 0.085712
vt 0.936824 0.085712
vt 0.946199 0.216962
vt 0.936824 0.216962
vt 0.946199 0.066962
vt 0.936824 0.066962
vt 0.946199 0.198212
vt 0.936824 0.198212
vt 0.946199 0.329462
vt 0.941512 0.348212
vt 0.936824 0.329462
vt 0.941512 0.048212
vt 0.946199 0.179462
vt 0.936824 0.179462
vt 0.927449 0.235712
vt 0.927449 0.216962
vt 0.927449 0.085712
vt 0.927449 0.066962
vt 0.927449 0.198212
vt 0.932137 0.348212
vt 0.927449 0.329462
vt 0.932137 0.048212
vt 0.927449 0.179462
vt 0.927449 0.310712
vt 0.927449 0.160712
vt 0.927449 0.291962
vt 0.927449 0.141962
vt 0.927449 0.273212
vt 0.927449 0.123212
vt 0.927449 0.254462
vt 0.927449 0.104462
vt 0.918074 0.160712
vt 0.918074 0.141962
vt 0.918074 0.291962
vt 0.918074 0.273212
vt 0.918074 0.123212
vt 0.918074 0.254462
vt 0.918074 0.104462
vt 0.918074 0.235712
vt 0.918074 0.085712
vt 0.918074 0.216962
vt 0.918074 0.066962
vt 0.918074 0.198212
vt 0.922762 0.348212
vt 0.918074 0.329462
vt 0.922762 0.048212
vt 0.918074 0.179462
vt 0.918074 0.310712
vt 0.908699 0.085712
vt 0.908699 0.066962
vt 0.908699 0.216962
vt 0.908699 0.198212
vt 0.913387 0.348212
vt 0.908699 0.329462
vt 0.913387 0.048212
vt 0.908699 0.179462
vt 0.908699 0.310712
vt 0.908699 0.160712
vt 0.908699 0.291962
vt 0.908699 0.141962
vt 0.908699 0.273212
vt 0.908699 0.123212
vt 0.908699 0.254462
vt 0.908699 0.104462
vt 0.908699 0.235712
vt 0.899324 0.141962
vt 0.899324 0.123212
vt 0.899324 0.273212
vt 0.899324 0.254462
vt 0.899324 0.104462
vt 0.899324 0.235712
vt 0.899324 0.085712
vt 0.899324 0.216962
vt 0.899324 0.066962
vt 0.899324 0.198212
vt 0.904012 0.348212
vt 0.899324 0.329462
vt 0.904012 0.048212
vt 0.899324 0.179462
vt 0.899324 0.310712
vt 0.899324 0.160712
vt 0.899324 0.291962
vt 0.894637 0.348212
vt 0.889949 0.329462
vt 0.894637 0.048212
vt 0.889949 0.066962
vt 0.889949 0.198212
vt 0.889949 0.179462
vt 0.889949 0.310712
vt 0.889949 0.160712
vt 0.889949 0.291962
vt 0.889949 0.141962
vt 0.889949 0.273212
vt 0.889949 0.123212
vt 0.889949 0.254462
vt 0.889949 0.104462
vt 0.889949 0.235712
vt 0.889949 0.085712
vt 0.889949 0.216962
vt 0.880574 0.273212
vt 0.880574 0.254462
vt 0.880574 0.123212
vt 0.880574 0.104462
vt 0.880574 0.235712
vt 0.880574 0.085712
vt 0.880574 0.216962
vt 0.880574 0.066962
vt 0.880574 0.198212
vt 0.885262 0.348212
vt 0.880574 0.329462
vt 0.885262 0.048212
vt 0.880574 0.179462
vt 0.880574 0.310712
vt 0.880574 0.160712
vt 0.880574 0.291962
vt 0.880574 0.141962
vt 0.875887 0.348212
vt 0.875887 0.048212
s 0
usemtl Material.001
f 1/1/1 33/2/1 2/3/1
f 2/3/2 33/2/2 3/4/2
f 3/4/3 33/2/3 4/5/3
f 4/5/4 33/2/4 5/6/4
f 5/6/5 33/2/5 6/7/5
f 6/7/6 33/2/6 7/8/6
f 7/8/7 33/2/7 8/9/7
f 8/9/8 33/2/8 9/10/8
f 9/10/9 33/2/9 10/11/9
f 10/11/10 33/2/10 11/12/10
f 11/12/11 33/2/11 12/13/11
f 12/13/12 33/2/12 13/14/12
f 13/14/13 33/2/13 14/15/13
f 14/15/14 33/2/14 15/16/14
f 15/16/15 33/2/15 16/17/15
f 16/17/16 33/2/16 17/18/16
f 17/18/17 33/2/17 18/19/17
f 18/19/18 33/2/18 19/20/18
f 19/20/19 33/2/19 20/21/19
f 20/21/20 33/2/20 21/22/20
f 21/22/21 33/2/21 22/23/21
f 22/23/22 33/2/22 23/24/22
f 23/24/23 33/2/23 24/25/23
f 24/25/24 33/2/24 25/26/24
f 25/26/25 33/2/25 26/27/25
f 26/27/26 33/2/26 27/28/26
f 27/28/27 33/2/27 28/29/27
f 28/29/28 33/2/28 29/30/28
f 29/30/29 33/2/29 30/31/29
f 30/31/30 33/2/30 31/32/30
f 1/33/31 2/34/31 3/35/31 4/36/31 5/37/31 6/38/31 7/39/31 8/40/31 9/41/31 10/42/31 11/43/31 12/44/31 13/45/31 14/46/31 15/47/31 16/48/31 17/49/31 18/50/31 19/51/31 20/52/31 21/53/31 22/54/31 23/55/31 24/56/31 25/57/31 26/58/31 27/59/31 28/60/31 29/61/31 30/62/31 31/63/31 32/64/31
f 31/32/32 33/2/32 32/65/32
f 32/65/33 33/2/33 1/1/33
f 34/66/34 35/67/34 37/68/34 36/69/34
f 36/69/35 37/68/35 39/70/35 38/71/35
f 38/71/36 39/70/36 41/72/36 40/73/36
f 40/73/37 41/72/37 43/74/37 42/75/37
f 42/75/38 43/74/38 45/76/38 44/77/38
f 44/77/39 45/76/39 47/78/39 46/79/39
f 46/79/40 47/78/40 49/80/40 48/81/40
f 48/81/41 49/80/41 51/82/41 50/83/41
f 50/83/42 51/82/42 53/84/42 52/85/42
f 52/85/43 53/84/43 55/86/43 54/87/43
f 54/87/44 55/86/44 57/88/44 56/89/44
f 56/89/45 57/88/45 59/90/45 58/91/45
f 58/91/46 59/90/46 61/92/46 60/93/46
f 60/93/47 61/92/47 63/94/47 62/95/47
f 62/95/48 63/94/48 65/96/48 64/97/48
f 64/97/49 65/96/49 67/98/49 66/99/49
f 66/99/50 67/98/50 69/100/50 68/101/50
f 68/101/51 69/100/51 71/102/51 70/103/51
f 70/103/52 71/102/52 73/104/52 72/105/52
f 72/105/53 73/104/53 75/106/53 74/107/53
f 74/107/54 75/106/54 77/108/54 76/109/54
f 76/109/55 77/108/55 79/110/55 78/111/55
f 78/111/56 79/110/56 81/112/56 80/113/56
f 80/113/57 81/112/57 83/114/57 82/115/57
f 82/115/58 83/114/58 85/116/58 84/117/58
f 84/117/59 85/116/59 87/118/59 86/119/59
f 86/119/60 87/118/60 89/120/60 88/121/60
f 88/121/61 89/120/61 91/122/61 90/123/61
f 90/123/62 91/122/62 93/124/62 92/125/62
f 92/125/63 93/124/63 95/126/63 94/127/63
f 37/128/64 35/129/64 97/130/64 95/131/64 93/132/64 91/133/64 89/134/64 87/135/64 85/136/64 83/137/64 81/138/64 79/139/64 77/140/64 75/141/64 73/142/64 71/143/64 69/144/64 67/145/64 65/146/64 63/147/64 61/148/64 59/149/64 57/150/64 55/151/64 53/152/64 51/153/64 49/154/64 47/155/64 45/156/64 43/157/64 41/158/64 39/159/64
f 94/127/65 95/126/65 97/160/65 96/161/65
f 96/161/66 97/160/66 35/162/66 34/163/66
f 34/164/31 36/165/31 38/166/31 40/167/31 42/168/31 44/169/31 46/170/31 48/171/31 50/172/31 52/173/31 54/174/31 56/175/31 58/176/31 60/177/31 62/178/31 64/179/31 66/180/31 68/181/31 70/182/31 72/183/31 74/184/31 76/185/31 78/186/31 80/187/31 82/188/31 84/189/31 86/190/31 88/191/31 90/192/31 92/193/31 94/194/31 96/195/31
f 98/196/67 110/197/67 111/198/67 99/199/67
f 99/199/68 111/198/68 112/200/68 100/201/68
f 100/201/69 112/200/69 113/202/69 101/203/69
f 101/203/70 113/202/70 114/204/70 102/205/70
f 102/205/71 114/204/71 115/206/71 103/207/71
f 103/207/72 115/206/72 116/208/72 104/209/72
f 104/210/73 116/211/73 117/212/73 105/213/73
f 105/213/74 117/212/74 118/214/74 106/215/74
f 106/215/75 118/214/75 119/216/75 107/217/75
f 107/217/76 119/216/76 120/218/76 108/219/76
f 108/219/77 120/218/77 121/220/77 109/221/77
f 109/221/78 121/220/78 110/197/78 98/196/78
f 110/197/79 122/222/79 123/223/79 111/198/79
f 111/198/80 123/223/80 124/224/80 112/200/80
f 112/200/81 124/224/81 125/225/81 113/202/81
f 113/202/82 125/225/82 126/226/82 114/204/82
f 114/204/83 126/226/83 127/227/83 115/206/83
f 115/206/84 127/227/84 128/228/84 116/208/84
f 116/211/85 128/229/85 129/230/85 117/212/85
f 117/212/86 129/230/86 130/231/86 118/214/86
f 118/214/87 130/231/87 131/232/87 119/216/87
f 119/216/88 131/232/88 132/233/88 120/218/88
f 120/218/89 132/233/89 133/234/89 121/220/89
f 121/220/90 133/234/90 122/222/90 110/197/90
f 122/222/91 134/235/91 135/236/91 123/223/91
f 123/223/92 135/236/92 136/237/92 124/224/92
f 124/224/93 136/237/93 137/238/93 125/225/93
f 125/225/94 137/238/94 138/239/94 126/226/94
f 126/226/95 138/239/95 139/240/95 127/227/95
f 127/227/96 139/240/96 140/241/96 128/228/96
f 128/229/97 140/242/97 141/243/97 129/230/97
f 129/230/98 141/243/98 142/244/98 130/231/98
f 130/231/99 142/244/99 143/245/99 131/232/99
f 131/232/100 143/245/100 144/246/100 132/233/100
f 132/233/101 144/246/101 145/247/101 133/234/101
f 133/234/102 145/247/102 134/235/102 122/222/102
f 134/235/103 146/248/103 147/249/103 135/236/103
f 135/236/104 147/249/104 148/250/104 136/237/104
f 136/237/105 148/250/105 149/251/105 137/238/105
f 137/238/106 149/251/106 150/252/106 138/239/106
f 138/239/107 150/252/107 151/253/107 139/240/107
f 139/240/108 151/253/108 152/254/108 140/241/108
f 140/242/109 152/255/109 153/256/109 141/243/109
f 141/243/110 153/256/110 154/257/110 142/244/110
f 142/244/111 154/257/111 155/258/111 143/245/111
f 143/245/112 155/258/112 156/259/112 144/246/112
f 144/246/113 156/259/113 157/260/113 145/247/113
f 145/247/114 157/260/114 146/248/114 134/235/114
f 146/248/115 158/261/115 159/262/115 147/249/115
f 147/249/116 159/262/116 160/263/116 148/250/116
f 148/250/117 160/263/117 161/264/117 149/251/117
f 149/251/118 161/264/118 162/265/118 150/252/118
f 150/252/119 162/265/119 163/266/119 151/253/119
f 151/253/120 163/266/120 164/267/120 152/254/120
f 152/255/121 164/268/121 165/269/121 153/256/121
f 153/256/122 165/269/122 166/270/122 154/257/122
f 154/257/123 166/270/123 167/271/123 155/258/123
f 155/258/124 167/271/124 168/272/124 156/259/124
f 156/259/125 168/272/125 169/273/125 157/260/125
f 157/260/126 169/273/126 158/261/126 146/248/126
f 158/261/127 170/274/127 171/275/127 159/262/127
f 159/262/128 171/275/128 172/276/128 160/263/128
f 160/263/129 172/276/129 173/277/129 161/264/129
f 161/264/130 173/277/130 174/278/130 162/265/130
f 162/265/131 174/278/131 175/279/131 163/266/131
f 163/266/132 175/279/132 176/280/132 164/267/132
f 164/268/133 176/281/133 177/282/133 165/269/133
f 165/269/134 177/282/134 178/283/134 166/270/134
f 166/270/135 178/283/135 179/284/135 167/271/135
f 167/271/136 179/284/136 180/285/136 168/272/136
f 168/272/137 180/285/137 181/286/137 169/273/137
f 169/273/138 181/286/138 170/274/138 158/261/138
f 170/274/139 182/287/139 183/288/139 171/275/139
f 171/275/140 183/288/140 184/289/140 172/276/140
f 172/276/141 184/289/141 185/290/141 173/277/141
f 173/277/142 185/290/142 186/291/142 174/278/142
f 174/278/143 186/291/143 187/292/143 175/279/143
f 175/279/144 187/292/144 188/293/144 176/280/144
f 176/281/145 188/294/145 189/295/145 177/282/145
f 177/282/146 189/295/146 190/296/146 178/283/146
f 178/283/147 190/296/147 191/297/147 179/284/147
f 179/284/148 191/297/148 192/298/148 180/285/148
f 180/285/149 192/298/149 193/299/149 181/286/149
f 181/286/150 193/299/150 182/287/150 170/274/150
f 182/287/151 194/300/151 195/301/151 183/288/151
f 183/288/152 195/301/152 196/302/152 184/289/152
f 184/289/153 196/302/153 197/303/153 185/290/153
f 185/290/154 197/303/154 198/304/154 186/291/154
f 186/291/155 198/304/155 199/305/155 187/292/155
f 187/292/156 199/305/156 200/306/156 188/293/156
f 188/294/157 200/307/157 201/308/157 189/295/157
f 189/295/158 201/308/158 202/309/158 190/296/158
f 190/296/159 202/309/159 203/310/159 191/297/159
f 191/297/160 203/310/160 204/311/160 192/298/160
f 192/298/161 204/311/161 205/312/161 193/299/161
f 193/299/162 205/312/162 194/300/162 182/287/162
f 194/300/163 206/313/163 207/314/163 195/301/163
f 195/301/164 207/314/164 208/315/164 196/302/164
f 196/302/165 208/315/165 209/316/165 197/303/165
f 197/303/166 209/316/166 210/317/166 198/304/166
f 198/304/167 210/317/167 211/318/167 199/305/167
f 199/305/168 211/318/168 212/319/168 200/306/168
f 200/307/169 212/320/169 213/321/169 201/308/169
f 201/308/170 213/321/170 214/322/170 202/309/170
f 202/309/171 214/322/171 215/323/171 203/310/171
f 203/310/172 215/323/172 216/324/172 204/311/172
f 204/311/173 216/324/173 217/325/173 205/312/173
f 205/312/174 217/325/174 206/313/174 194/300/174
f 206/313/175 218/326/175 219/327/175 207/314/175
f 207/314/176 219/327/176 220/328/176 208/315/176
f 208/315/177 220/328/177 221/329/177 209/316/177
f 209/316/178 221/329/178 222/330/178 210/317/178
f 210/317/179 222/330/179 223/331/179 211/318/179
f 211/318/180 223/331/180 224/332/180 212/319/180
f 212/320/181 224/333/181 225/334/181 213/321/181
f 213/321/182 225/334/182 226/335/182 214/322/182
f 214/322/183 226/335/183 227/336/183 215/323/183
f 215/323/184 227/336/184 228/337/184 216/324/184
f 216/324/185 228/337/185 229/338/185 217/325/185
f 217/325/186 229/338/186 218/326/186 206/313/186
f 218/326/187 230/339/187 231/340/187 219/327/187
f 219/327/188 231/340/188 232/341/188 220/328/188
f 220/328/189 232/341/189 233/342/189 221/329/189
f 221/329/190 233/342/190 234/343/190 222/330/190
f 222/330/191 234/343/191 235/344/191 223/331/191
f 223/331/192 235/344/192 236/345/192 224/332/192
f 224/333/193 236/346/193 237/347/193 225/334/193
f 225/334/194 237/347/194 238/348/194 226/335/194
f 226/335/195 238/348/195 239/349/195 227/336/195
f 227/336/196 239/349/196 240/350/196 228/337/196
f 228/337/197 240/350/197 241/351/197 229/338/197
f 229/338/198 241/351/198 230/339/198 218/326/198
f 230/339/199 242/352/199 243/353/199 231/340/199
f 231/340/200 243/353/200 244/354/200 232/341/200
f 232/341/201 244/354/201 245/355/201 233/342/201
f 233/342/202 245/355/202 246/356/202 234/343/202
f 234/343/203 246/356/203 247/357/203 235/344/203
f 235/344/204 247/357/204 248/358/204 236/345/204
f 236/346/205 248/359/205 249/360/205 237/347/205
f 237/347/206 249/360/206 250/361/206 238/348/206
f 238/348/207 250/361/207 251/362/207 239/349/207
f 239/349/208 251/362/208 252/363/208 240/350/208
f 240/350/209 252/363/209 253/364/209 241/351/209
f 241/351/210 253/364/210 242/352/210 230/339/210
f 242/352/211 254/365/211 255/366/211 243/353/211
f 243/353/212 255/366/212 256/367/212 244/354/212
f 244/354/213 256/367/213 257/368/213 245/355/213
f 245/355/214 257/368/214 258/369/214 246/356/214
f 246/356/215 258/369/215 259/370/215 247/357/215
f 247/357/216 259/370/216 260/371/216 248/358/216
f 248/359/217 260/372/217 261/373/217 249/360/217
f 249/360/218 261/373/218 262/374/218 250/361/218
f 250/361/219 262/374/219 263/375/219 251/362/219
f 251/362/220 263/375/220 264/376/220 252/363/220
f 252/363/221 264/376/221 265/377/221 253/364/221
f 253/364/222 265/377/222 254/365/222 242/352/222
f 254/365/223 266/378/223 267/379/223 255/366/223
f 255/366/224 267/379/224 268/380/224 256/367/224
f 256/367/225 268/380/225 269/381/225 257/368/225
f 257/368/226 269/381/226 270/382/226 258/369/226
f 258/369/227 270/382/227 271/383/227 259/370/227
f 259/370/228 271/383/228 272/384/228 260/371/228
f 260/372/229 272/385/229 273/386/229 261/373/229
f 261/373/230 273/386/230 274/387/230 262/374/230
f 262/374/231 274/387/231 275/388/231 263/375/231
f 263/375/232 275/388/232 276/389/232 264/376/232
f 264/376/233 276/389/233 277/390/233 265/377/233
f 265/377/234 277/390/234 266/378/234 254/365/234
f 266/378/235 278/391/235 279/392/235 267/379/235
f 267/379/236 279/392/236 280/393/236 268/380/236
f 268/380/237 280/393/237 281/394/237 269/381/237
f 269/381/238 281/394/238 282/395/238 270/382/238
f 270/382/239 282/395/239 283/396/239 271/383/239
f 271/383/240 283/396/240 284/397/240 272/384/240
f 272/385/241 284/398/241 285/399/241 273/386/241
f 273/386/242 285/399/242 286/400/242 274/387/242
f 274/387/243 286/400/243 287/401/243 275/388/243
f 275/388/244 287/401/244 288/402/244 276/389/244
f 276/389/245 288/402/245 289/403/245 277/390/245
f 277/390/246 289/403/246 278/391/246 266/378/246
f 278/391/247 290/404/247 291/405/247 279/392/247
f 279/392/248 291/405/248 292/406/248 280/393/248
f 280/393/249 292/406/249 293/407/249 281/394/249
f 281/394/250 293/407/250 294/408/250 282/395/250
f 282/395/251 294/408/251 295/409/251 283/396/251
f 283/396/252 295/409/252 296/410/252 284/397/252
f 284/398/253 296/411/253 297/412/253 285/399/253
f 285/399/254 297/412/254 298/413/254 286/400/254
f 286/400/255 298/413/255 299/414/255 287/401/255
f 287/401/256 299/414/256 300/415/256 288/402/256
f 288/402/257 300/415/257 301/416/257 289/403/257
f 289/403/258 301/416/258 290/404/258 278/391/258
f 290/404/259 302/417/259 303/418/259 291/405/259
f 291/405/260 303/418/260 304/419/260 292/406/260
f 292/406/261 304/419/261 305/420/261 293/407/261
f 293/407/262 305/420/262 306/421/262 294/408/262
f 294/408/263 306/421/263 307/422/263 295/409/263
f 295/409/264 307/422/264 308/423/264 296/410/264
f 296/411/265 308/424/265 309/425/265 297/412/265
f 297/412/266 309/425/266 310/426/266 298/413/266
f 298/413/267 310/426/267 311/427/267 299/414/267
f 299/414/268 311/427/268 312/428/268 300/415/268
f 300/415/269 312/428/269 313/429/269 301/416/269
f 301/416/270 313/429/270 302/417/270 290/404/270
f 302/417/271 314/430/271 315/431/271 303/418/271
f 303/418/272 315/431/272 316/432/272 304/419/272
f 304/419/273 316/432/273 317/433/273 305/420/273
f 305/420/274 317/433/274 318/434/274 306/421/274
f 306/421/275 318/434/275 319/435/275 307/422/275
f 307/422/276 319/435/276 320/436/276 308/423/276
f 308/424/277 320/437/277 321/438/277 309/425/277
f 309/425/278 321/438/278 322/439/278 310/426/278
f 310/426/279 322/439/279 323/440/279 311/427/279
f 311/427/280 323/440/280 324/441/280 312/428/280
f 312/428/281 324/441/281 325/442/281 313/429/281
f 313/429/282 325/442/282 314/430/282 302/417/282
f 314/430/283 326/443/283 327/444/283 315/431/283
f 315/431/284 327/444/284 328/445/284 316/432/284
f 316/432/285 328/445/285 329/446/285 317/433/285
f 317/433/286 329/446/286 330/447/286 318/434/286
f 318/434/287 330/447/287 331/448/287 319/435/287
f 319/435/288 331/448/288 332/449/288 320/436/288
f 320/437/289 332/450/289 333/451/289 321/438/289
f 321/438/290 333/451/290 334/452/290 322/439/290
f 322/439/291 334/452/291 335/453/291 323/440/291
f 323/440/292 335/453/292 336/454/292 324/441/292
f 324/441/293 336/454/293 337/455/293 325/442/293
f 325/442/294 337/455/294 326/443/294 314/430/294
f 326/443/295 338/456/295 339/457/295 327/444/295
f 327/444/296 339/457/296 340/458/296 328/445/296
f 328/445/297 340/458/297 341/459/297 329/446/297
f 329/446/298 341/459/298 342/460/298 330/447/298
f 330/447/299 342/460/299 343/461/299 331/448/299
f 331/448/300 343/461/300 344/462/300 332/449/300
f 332/450/301 344/463/301 345/464/301 333/451/301
f 333/451/302 345/464/302 346/465/302 334/452/302
f 334/452/303 346/465/303 347/466/303 335/453/303
f 335/453/304 347/466/304 348/467/304 336/454/304
f 336/454/305 348/467/305 349/468/305 337/455/305
f 337/455/306 349/468/306 338/456/306 326/443/306
f 338/456/307 350/469/307 351/470/307 339/457/307
f 339/457/308 351/470/308 352/471/308 340/458/308
f 340/458/309 352/471/309 353/472/309 341/459/309
f 341/459/310 353/472/310 354/473/310 342/460/310
f 342/460/311 354/473/311 355/474/311 343/461/311
f 343/461/312 355/474/312 356/475/312 344/462/312
f 344/463/313 356/476/313 357/477/313 345/464/313
f 345/464/314 357/477/314 358/478/314 346/465/314
f 346/465/315 358/478/315 359/479/315 347/466/315
f 347/466/316 359/479/316 360/480/316 348/467/316
f 348/467/317 360/480/317 361/481/317 349/468/317
f 349/468/318 361/481/318 350/469/318 338/456/318
f 350/469/319 362/482/319 363/483/319 351/470/319
f 351/470/320 363/483/320 364/484/320 352/471/320
f 352/471/321 364/484/321 365/485/321 353/472/321
f 353/472/322 365/485/322 366/486/322 354/473/322
f 354/473/323 366/486/323 367/487/323 355/474/323
f 355/474/324 367/487/324 368/488/324 356/475/324
f 356/476/325 368/489/325 369/490/325 357/477/325
f 357/477/326 369/490/326 370/491/326 358/478/326
f 358/478/327 370/491/327 371/492/327 359/479/327
f 359/479/328 371/492/328 372/493/328 360/480/328
f 360/480/329 372/493/329 373/494/329 361/481/329
f 361/481/330 373/494/330 362/482/330 350/469/330
f 362/482/331 374/495/331 375/496/331 363/483/331
f 363/483/332 375/496/332 376/497/332 364/484/332
f 364/484/333 376/497/333 377/498/333 365/485/333
f 365/485/334 377/498/334 378/499/334 366/486/334
f 366/486/335 378/499/335 379/500/335 367/487/335
f 367/487/336 379/500/336 380/501/336 368/488/336
f 368/489/337 380/502/337 381/503/337 369/490/337
f 369/490/338 381/503/338 382/504/338 370/491/338
f 370/491/339 382/504/339 383/505/339 371/492/339
f 371/492/340 383/505/340 384/506/340 372/493/340
f 372/493/341 384/506/341 385/507/341 373/494/341
f 373/494/342 385/507/342 374/495/342 362/482/342
f 374/495/343 386/508/343 387/509/343 375/496/343
f 375/496/344 387/509/344 388/510/344 376/497/344
f 376/497/345 388/510/345 389/511/345 377/498/345
f 377/498/346 389/511/346 390/512/346 378/499/346
f 378/499/347 390/512/347 391/513/347 379/500/347
f 379/500/348 391/513/348 392/514/348 380/501/348
f 380/502/349 392/515/349 393/516/349 381/503/349
f 381/503/350 393/516/350 394/517/350 382/504/350
f 382/504/351 394/517/351 395/518/351 383/505/351
f 383/505/352 395/518/352 396/519/352 384/506/352
f 384/506/353 396/519/353 397/520/353 385/507/353
f 385/507/354 397/520/354 386/508/354 374/495/354
f 386/521/72 398/522/72 399/523/72 387/524/72
f 387/524/71 399/523/71 400/525/71 388/526/71
f 388/526/70 400/525/70 401/527/70 389/528/70
f 389/528/69 401/527/69 402/529/69 390/530/69
f 390/530/68 402/529/68 403/531/68 391/532/68
f 391/532/67 403/531/67 404/533/67 392/534/67
f 392/535/78 404/536/78 405/537/78 393/538/78
f 393/538/77 405/537/77 406/539/77 394/540/77
f 394/540/76 406/539/76 407/541/76 395/542/76
f 395/542/75 407/541/75 408/543/75 396/544/75
f 396/544/74 408/543/74 409/545/74 397/546/74
f 397/546/73 409/545/73 398/522/73 386/521/73
f 398/522/84 410/547/84 411/548/84 399/523/84
f 399/523/83 411/548/83 412/549/83 400/525/83
f 400/525/82 412/549/82 413/550/82 401/527/82
f 401/527/81 413/550/81 414/551/81 402/529/81
f 402/529/80 414/551/80 415/552/80 403/531/80
f 403/531/79 415/552/79 416/553/79 404/533/79
f 404/536/90 416/554/90 417/555/90 405/537/90
f 405/537/89 417/555/89 418/556/89 406/539/89
f 406/539/88 418/556/88 419/557/88 407/541/88
f 407/541/87 419/557/87 420/558/87 408/543/87
f 408/543/86 420/558/86 421/559/86 409/545/86
f 409/545/85 421/559/85 410/547/85 398/522/85
f 410/547/96 422/560/96 423/561/96 411/548/96
f 411/548/95 423/561/95 424/562/95 412/549/95
f 412/549/94 424/562/94 425/563/94 413/550/94
f 413/550/93 425/563/93 426/564/93 414/551/93
f 414/551/355 426/564/355 427/565/355 415/552/355
f 415/552/91 427/565/91 428/566/91 416/553/91
f 416/554/102 428/567/102 429/568/102 417/555/102
f 417/555/356 429/568/356 430/569/356 418/556/356
f 418/556/100 430/569/100 431/570/100 419/557/100
f 419/557/99 431/570/99 432/571/99 420/558/99
f 420/558/98 432/571/98 433/572/98 421/559/98
f 421/559/97 433/572/97 422/560/97 410/547/97
f 422/560/108 434/573/108 435/574/108 423/561/108
f 423/561/107 435/574/107 436/575/107 424/562/107
f 424/562/106 436/575/106 437/576/106 425/563/106
f 425/563/105 437/576/105 438/577/105 426/564/105
f 426/564/104 438/577/104 439/578/104 427/565/104
f 427/565/103 439/578/103 440/579/103 428/566/103
f 428/567/114 440/580/114 441/581/114 429/568/114
f 429/568/113 441/581/113 442/582/113 430/569/113
f 430/569/112 442/582/112 443/583/112 431/570/112
f 431/570/111 443/583/111 444/584/111 432/571/111
f 432/571/110 444/584/110 445/585/110 433/572/110
f 433/572/109 445/585/109 434/573/109 422/560/109
f 434/573/120 446/586/120 447/587/120 435/574/120
f 435/574/119 447/587/119 448/588/119 436/575/119
f 436/575/118 448/588/118 449/589/118 437/576/118
f 437/576/117 449/589/117 450/590/117 438/577/117
f 438/577/116 450/590/116 451/591/116 439/578/116
f 439/578/115 451/591/115 452/592/115 440/579/115
f 440/580/126 452/593/126 453/594/126 441/581/126
f 441/581/125 453/594/125 454/595/125 442/582/125
f 442/582/124 454/595/124 455/596/124 443/583/124
f 443/583/123 455/596/123 456/597/123 444/584/123
f 444/584/122 456/597/122 457/598/122 445/585/122
f 445/585/121 457/598/121 446/586/121 434/573/121
f 446/586/132 458/599/132 459/600/132 447/587/132
f 447/587/131 459/600/131 460/601/131 448/588/131
f 448/588/130 460/601/130 461/602/130 449/589/130
f 449/589/129 461/602/129 462/603/129 450/590/129
f 450/590/128 462/603/128 463/604/128 451/591/128
f 451/591/127 463/604/127 464/605/127 452/592/127
f 452/593/138 464/606/138 465/607/138 453/594/138
f 453/594/137 465/607/137 466/608/137 454/595/137
f 454/595/136 466/608/136 467/609/136 455/596/136
f 455/596/135 467/609/135 468/610/135 456/597/135
f 456/597/134 468/610/134 469/611/134 457/598/134
f 457/598/133 469/611/133 458/599/133 446/586/133
f 458/599/144 470/612/144 471/613/144 459/600/144
f 459/600/143 471/613/143 472/614/143 460/601/143
f 460/601/142 472/614/142 473/615/142 461/602/142
f 461/602/141 473/615/141 474/616/141 462/603/141
f 462/603/140 474/616/140 475/617/140 463/604/140
f 463/604/139 475/617/139 476/618/139 464/605/139
f 464/606/150 476/619/150 477/620/150 465/607/150
f 465/607/149 477/620/149 478/621/149 466/608/149
f 466/608/148 478/621/148 479/622/148 467/609/148
f 467/609/147 479/622/147 480/623/147 468/610/147
f 468/610/146 480/623/146 481/624/146 469/611/146
f 469/611/145 481/624/145 470/612/145 458/599/145
f 470/612/156 482/625/156 483/626/156 471/613/156
f 471/613/155 483/626/155 484/627/155 472/614/155
f 472/614/154 484/627/154 485/628/154 473/615/154
f 473/615/153 485/628/153 486/629/153 474/616/153
f 474/616/152 486/629/152 487/630/152 475/617/152
f 475/617/151 487/630/151 488/631/151 476/618/151
f 476/619/162 488/632/162 489/633/162 477/620/162
f 477/620/161 489/633/161 490/634/161 478/621/161
f 478/621/160 490/634/160 491/635/160 479/622/160
f 479/622/159 491/635/159 492/636/159 480/623/159
f 480/623/158 492/636/158 493/637/158 481/624/158
f 481/624/157 493/637/157 482/625/157 470/612/157
f 482/625/168 494/638/168 495/639/168 483/626/168
f 483/626/167 495/639/167 496/640/167 484/627/167
f 484/627/166 496/640/166 497/641/166 485/628/166
f 485/628/165 497/641/165 498/642/165 486/629/165
f 486/629/164 498/642/164 499/643/164 487/630/164
f 487/630/163 499/643/163 500/644/163 488/631/163
f 488/632/174 500/645/174 501/646/174 489/633/174
f 489/633/173 501/646/173 502/647/173 490/634/173
f 490/634/172 502/647/172 503/648/172 491/635/172
f 491/635/171 503/648/171 504/649/171 492/636/171
f 492/636/170 504/649/170 505/650/170 493/637/170
f 493/637/169 505/650/169 494/638/169 482/625/169
f 494/638/180 506/651/180 507/652/180 495/639/180
f 495/639/357 507/652/357 508/653/357 496/640/357
f 496/640/178 508/653/178 509/654/178 497/641/178
f 497/641/177 509/654/177 510/655/177 498/642/177
f 498/642/176 510/655/176 511/656/176 499/643/176
f 499/643/175 511/656/175 512/657/175 500/644/175
f 500/645/186 512/658/186 513/659/186 501/646/186
f 501/646/185 513/659/185 514/660/185 502/647/185
f 502/647/184 514/660/184 515/661/184 503/648/184
f 503/648/183 515/661/183 516/662/183 504/649/183
f 504/649/358 516/662/358 517/663/358 505/650/358
f 505/650/181 517/663/181 506/651/181 494/638/181
f 506/651/192 518/664/192 519/665/192 507/652/192
f 507/652/191 519/665/191 520/666/191 508/653/191
f 508/653/190 520/666/190 521/667/190 509/654/190
f 509/654/189 521/667/189 522/668/189 510/655/189
f 510/655/188 522/668/188 523/669/188 511/656/188
f 511/656/187 523/669/187 524/670/187 512/657/187
f 512/658/198 524/671/198 525/672/198 513/659/198
f 513/659/197 525/672/197 526/673/197 514/660/197
f 514/660/196 526/673/196 527/674/196 515/661/196
f 515/661/195 527/674/195 528/675/195 516/662/195
f 516/662/194 528/675/194 529/676/194 517/663/194
f 517/663/193 529/676/193 518/664/193 506/651/193
f 518/664/204 530/677/204 531/678/204 519/665/204
f 519/665/203 531/678/203 532/679/203 520/666/203
f 520/666/202 532/679/202 533/680/202 521/667/202
f 521/667/201 533/680/201 534/681/201 522/668/201
f 522/668/200 534/681/200 535/682/200 523/669/200
f 523/669/199 535/682/199 536/683/199 524/670/199
f 524/671/210 536/684/210 537/685/210 525/672/210
f 525/672/209 537/685/209 538/686/209 526/673/209
f 526/673/208 538/686/208 539/687/208 527/674/208
f 527/674/207 539/687/207 540/688/207 528/675/207
f 528/675/206 540/688/206 541/689/206 529/676/206
f 529/676/205 541/689/205 530/677/205 518/664/205
f 530/677/216 542/690/216 543/691/216 531/678/216
f 531/678/215 543/691/215 544/692/215 532/679/215
f 532/679/214 544/692/214 545/693/214 533/680/214
f 533/680/213 545/693/213 546/694/213 534/681/213
f 534/681/212 546/694/212 547/695/212 535/682/212
f 535/682/211 547/695/211 548/696/211 536/683/211
f 536/684/222 548/697/222 549/698/222 537/685/222
f 537/685/221 549/698/221 550/699/221 538/686/221
f 538/686/220 550/699/220 551/700/220 539/687/220
f 539/687/219 551/700/219 552/701/219 540/688/219
f 540/688/218 552/701/218 553/702/218 541/689/218
f 541/689/217 553/702/217 542/690/217 530/677/217
f 542/690/228 554/703/228 555/704/228 543/691/228
f 543/691/227 555/704/227 556/705/227 544/692/227
f 544/692/226 556/705/226 557/706/226 545/693/226
f 545/693/225 557/706/225 558/707/225 546/694/225
f 546/694/224 558/707/224 559/708/224 547/695/224
f 547/695/223 559/708/223 560/709/223 548/696/223
f 548/697/234 560/710/234 561/711/234 549/698/234
f 549/698/233 561/711/233 562/712/233 550/699/233
f 550/699/232 562/712/232 563/713/232 551/700/232
f 551/700/231 563/713/231 564/714/231 552/701/231
f 552/701/230 564/714/230 565/715/230 553/702/230
f 553/702/229 565/715/229 554/703/229 542/690/229
f 554/703/240 566/716/240 567/717/240 555/704/240
f 555/704/239 567/717/239 568/718/239 556/705/239
f 556/705/238 568/718/238 569/719/238 557/706/238
f 557/706/237 569/719/237 570/720/237 558/707/237
f 558/707/236 570/720/236 571/721/236 559/708/236
f 559/708/235 571/721/235 572/722/235 560/709/235
f 560/710/246 572/723/246 573/724/246 561/711/246
f 561/711/245 573/724/245 574/725/245 562/712/245
f 562/712/244 574/725/244 575/726/244 563/713/244
f 563/713/243 575/726/243 576/727/243 564/714/243
f 564/714/359 576/727/359 577/728/359 565/715/359
f 565/715/241 577/728/241 566/716/241 554/703/241
f 566/716/252 578/729/252 579/730/252 567/717/252
f 567/717/251 579/730/251 580/731/251 568/718/251
f 568/718/250 580/731/250 581/732/250 569/719/250
f 569/719/249 581/732/249 582/733/249 570/720/249
f 570/720/248 582/733/248 583/734/248 571/721/248
f 571/721/247 583/734/247 584/735/247 572/722/247
f 572/723/258 584/736/258 585/737/258 573/724/258
f 573/724/257 585/737/257 586/738/257 574/725/257
f 574/725/256 586/738/256 587/739/256 575/726/256
f 575/726/255 587/739/255 588/740/255 576/727/255
f 576/727/254 588/740/254 589/741/254 577/728/254
f 577/728/253 589/741/253 578/729/253 566/716/253
f 578/729/264 590/742/264 591/743/264 579/730/264
f 579/730/263 591/743/263 592/744/263 580/731/263
f 580/731/262 592/744/262 593/745/262 581/732/262
f 581/732/261 593/745/261 594/746/261 582/733/261
f 582/733/260 594/746/260 595/747/260 583/734/260
f 583/734/259 595/747/259 596/748/259 584/735/259
f 584/736/270 596/749/270 597/750/270 585/737/270
f 585/737/269 597/750/269 598/751/269 586/738/269
f 586/738/268 598/751/268 599/752/268 587/739/268
f 587/739/267 599/752/267 600/753/267 588/740/267
f 588/740/266 600/753/266 601/754/266 589/741/266
f 589/741/265 601/754/265 590/742/265 578/729/265
f 590/742/276 602/755/276 603/756/276 591/743/276
f 591/743/275 603/756/275 604/757/275 592/744/275
f 592/744/274 604/757/274 605/758/274 593/745/274
f 593/745/273 605/758/273 606/759/273 594/746/273
f 594/746/272 606/759/272 607/760/272 595/747/272
f 595/747/271 607/760/271 608/761/271 596/748/271
f 596/749/282 608/762/282 609/763/282 597/750/282
f 597/750/281 609/763/281 610/764/281 598/751/281
f 598/751/280 610/764/280 611/765/280 599/752/280
f 599/752/279 611/765/279 612/766/279 600/753/279
f 600/753/278 612/766/278 613/767/278 601/754/278
f 601/754/277 613/767/277 602/755/277 590/742/277
f 602/755/288 614/768/288 615/769/288 603/756/288
f 603/756/287 615/769/287 616/770/287 604/757/287
f 604/757/286 616/770/286 617/771/286 605/758/286
f 605/758/285 617/771/285 618/772/285 606/759/285
f 606/759/284 618/772/284 619/773/284 607/760/284
f 607/760/283 619/773/283 620/774/283 608/761/283
f 608/762/294 620/775/294 621/776/294 609/763/294
f 609/763/293 621/776/293 622/777/293 610/764/293
f 610/764/292 622/777/292 623/778/292 611/765/292
f 611/765/291 623/778/291 624/779/291 612/766/291
f 612/766/290 624/779/290 625/780/290 613/767/290
f 613/767/289 625/780/289 614/768/289 602/755/289
f 614/768/300 626/781/300 627/782/300 615/769/300
f 615/769/299 627/782/299 628/783/299 616/770/299
f 616/770/298 628/783/298 629/784/298 617/771/298
f 617/771/297 629/784/297 630/785/297 618/772/297
f 618/772/296 630/785/296 631/786/296 619/773/296
f 619/773/295 631/786/295 632/787/295 620/774/295
f 620/775/306 632/788/306 633/789/306 621/776/306
f 621/776/305 633/789/305 634/790/305 622/777/305
f 622/777/304 634/790/304 635/791/304 623/778/304
f 623/778/303 635/791/303 636/792/303 624/779/303
f 624/779/302 636/792/302 637/793/302 625/780/302
f 625/780/301 637/793/301 626/781/301 614/768/301
f 626/781/312 638/794/312 639/795/312 627/782/312
f 627/782/311 639/795/311 640/796/311 628/783/311
f 628/783/310 640/796/310 641/797/310 629/784/310
f 629/784/309 641/797/309 642/798/309 630/785/309
f 630/785/308 642/798/308 643/799/308 631/786/308
f 631/786/307 643/799/307 644/800/307 632/787/307
f 632/788/318 644/801/318 645/802/318 633/789/318
f 633/789/317 645/802/317 646/803/317 634/790/317
f 634/790/316 646/803/316 647/804/316 635/791/316
f 635/791/315 647/804/315 648/805/315 636/792/315
f 636/792/314 648/805/314 649/806/314 637/793/314
f 637/793/313 649/806/313 638/794/313 626/781/313
f 638/794/324 650/807/324 651/808/324 639/795/324
f 639/795/360 651/808/360 652/809/360 640/796/360
f 640/796/322 652/809/322 653/810/322 641/797/322
f 641/797/321 653/810/321 654/811/321 642/798/321
f 642/798/320 654/811/320 655/812/320 643/799/320
f 643/799/319 655/812/319 656/813/319 644/800/319
f 644/801/330 656/814/330 657/815/330 645/802/330
f 645/802/329 657/815/329 658/816/329 646/803/329
f 646/803/328 658/816/328 659/817/328 647/804/328
f 647/804/327 659/817/327 660/818/327 648/805/327
f 648/805/361 660/818/361 661/819/361 649/806/361
f 649/806/325 661/819/325 650/807/325 638/794/325
f 650/807/336 662/820/336 663/821/336 651/808/336
f 651/808/335 663/821/335 664/822/335 652/809/335
f 652/809/334 664/822/334 665/823/334 653/810/334
f 653/810/333 665/823/333 666/824/333 654/811/333
f 654/811/332 666/824/332 667/825/332 655/812/332
f 655/812/331 667/825/331 668/826/331 656/813/331
f 656/814/342 668/827/342 669/828/342 657/815/342
f 657/815/341 669/828/341 670/829/341 658/816/341
f 658/816/340 670/829/340 671/830/340 659/817/340
f 659/817/339 671/830/339 672/831/339 660/818/339
f 660/818/338 672/831/338 673/832/338 661/819/338
f 661/819/337 673/832/337 662/820/337 650/807/337
f 662/820/348 98/196/348 99/199/348 663/821/348
f 663/821/347 99/199/347 100/201/347 664/822/347
f 664/822/346 100/201/346 101/203/346 665/823/346
f 665/823/345 101/203/345 102/205/345 666/824/345
f 666/824/344 102/205/344 103/207/344 667/825/344
f 667/825/343 103/207/343 104/209/343 668/826/343
f 668/827/354 104/210/354 105/213/354 669/828/354
f 669/828/353 105/213/353 106/215/353 670/829/353
f 670/829/352 106/215/352 107/217/352 671/830/352
f 671/830/351 107/217/351 108/219/351 672/831/351
f 672/831/350 108/219/350 109/221/350 673/832/350
f 673/832/349 109/221/349 98/196/349 662/820/349
f 1147/833/362 755/834/362 680/835/362
f 981/836/363 1155/837/363 694/838/363
f 678/839/364 677/840/364 687/841/364 688/842/364
f 1148/843/365 1147/833/365 680/835/365 681/844/365
f 1151/845/366 678/839/366 688/842/366 689/846/366
f 674/847/367 1148/843/367 681/844/367 682/848/367
f 679/849/368 1151/845/368 689/846/368 690/850/368
f 1149/851/369 674/847/369 682/848/369 683/852/369
f 1152/853/370 679/849/370 690/850/370 691/854/370
f 675/855/371 1149/851/371 683/852/371 684/856/371
f 1153/857/372 1152/853/372 691/854/372 692/858/372
f 1150/859/373 675/855/373 684/856/373 685/860/373
f 1154/861/374 1153/857/374 692/858/374 693/862/374
f 676/863/375 1150/859/375 685/860/375 686/864/375
f 1155/837/376 1154/861/376 693/862/376 694/838/376
f 677/840/377 676/863/377 686/864/377 687/841/377
f 694/838/378 693/862/378 708/865/378 709/866/378
f 687/841/379 686/864/379 701/867/379 702/868/379
f 680/835/380 755/869/380 695/870/380
f 981/871/381 694/838/381 709/866/381
f 688/842/382 687/841/382 702/868/382 703/872/382
f 681/844/383 680/835/383 695/870/383 696/873/383
f 689/846/384 688/842/384 703/872/384 704/874/384
f 682/848/385 681/844/385 696/873/385 697/875/385
f 690/850/386 689/846/386 704/874/386 705/876/386
f 683/852/387 682/848/387 697/875/387 698/877/387
f 691/854/388 690/850/388 705/876/388 706/878/388
f 684/856/389 683/852/389 698/877/389 699/879/389
f 692/858/390 691/854/390 706/878/390 707/880/390
f 685/860/391 684/856/391 699/879/391 700/881/391
f 693/862/392 692/858/392 707/880/392 708/865/392
f 686/864/393 685/860/393 700/881/393 701/867/393
f 698/877/394 697/875/394 712/882/394 713/883/394
f 706/878/395 705/876/395 720/884/395 721/885/395
f 699/879/396 698/877/396 713/883/396 714/886/396
f 707/880/397 706/878/397 721/885/397 722/887/397
f 700/881/398 699/879/398 714/886/398 715/888/398
f 708/865/399 707/880/399 722/887/399 723/889/399
f 701/867/400 700/881/400 715/888/400 716/890/400
f 709/866/401 708/865/401 723/889/401 724/891/401
f 702/868/402 701/867/402 716/890/402 717/892/402
f 695/870/403 755/893/403 710/894/403
f 981/895/404 709/866/404 724/891/404
f 703/872/405 702/868/405 717/892/405 718/896/405
f 696/873/406 695/870/406 710/894/406 711/897/406
f 704/874/407 703/872/407 718/896/407 719/898/407
f 697/875/408 696/873/408 711/897/408 712/882/408
f 705/876/409 704/874/409 719/898/409 720/884/409
f 717/892/410 716/890/410 731/899/410 732/900/410
f 710/894/411 755/901/411 725/902/411
f 981/903/412 724/891/412 739/904/412
f 718/896/413 717/892/413 732/900/413 733/905/413
f 711/897/414 710/894/414 725/902/414 726/906/414
f 719/898/415 718/896/415 733/905/415 734/907/415
f 712/882/416 711/897/416 726/906/416 727/908/416
f 720/884/417 719/898/417 734/907/417 735/909/417
f 713/883/418 712/882/418 727/908/418 728/910/418
f 721/885/419 720/884/419 735/909/419 736/911/419
f 714/886/420 713/883/420 728/910/420 729/912/420
f 722/887/421 721/885/421 736/911/421 737/913/421
f 715/888/422 714/886/422 729/912/422 730/914/422
f 723/889/423 722/887/423 737/913/423 738/915/423
f 716/890/424 715/888/424 730/914/424 731/899/424
f 724/891/425 723/889/425 738/915/425 739/904/425
f 736/911/426 735/909/426 750/916/426 751/917/426
f 729/912/427 728/910/427 743/918/427 744/919/427
f 737/913/428 736/911/428 751/917/428 752/920/428
f 730/914/429 729/912/429 744/919/429 745/921/429
f 738/915/430 737/913/430 752/920/430 753/922/430
f 731/899/431 730/914/431 745/921/431 746/923/431
f 739/904/432 738/915/432 753/922/432 754/924/432
f 732/900/433 731/899/433 746/923/433 747/925/433
f 725/902/434 755/926/434 740/927/434
f 981/928/435 739/904/435 754/924/435
f 733/905/436 732/900/436 747/925/436 748/929/436
f 726/906/437 725/902/437 740/927/437 741/930/437
f 734/907/438 733/905/438 748/929/438 749/931/438
f 727/908/439 726/906/439 741/930/439 742/932/439
f 735/909/440 734/907/440 749/931/440 750/916/440
f 728/910/441 727/908/441 742/932/441 743/918/441
f 740/927/442 755/933/442 756/934/442
f 981/935/443 754/924/443 770/936/443
f 748/929/444 747/925/444 763/937/444 764/938/444
f 741/930/445 740/927/445 756/934/445 757/939/445
f 749/931/446 748/929/446 764/938/446 765/940/446
f 742/932/447 741/930/447 757/939/447 758/941/447
f 750/916/448 749/931/448 765/940/448 766/942/448
f 743/918/449 742/932/449 758/941/449 759/943/449
f 751/917/450 750/916/450 766/942/450 767/944/450
f 744/919/451 743/918/451 759/943/451 760/945/451
f 752/920/452 751/917/452 767/944/452 768/946/452
f 745/921/453 744/919/453 760/945/453 761/947/453
f 753/922/454 752/920/454 768/946/454 769/948/454
f 746/923/455 745/921/455 761/947/455 762/949/455
f 754/924/456 753/922/456 769/948/456 770/936/456
f 747/925/457 746/923/457 762/949/457 763/937/457
f 760/945/458 759/943/458 774/950/458 775/951/458
f 768/946/459 767/944/459 782/952/459 783/953/459
f 761/947/460 760/945/460 775/951/460 776/954/460
f 769/948/461 768/946/461 783/953/461 784/955/461
f 762/949/462 761/947/462 776/954/462 777/956/462
f 770/936/463 769/948/463 784/955/463 785/957/463
f 763/937/464 762/949/464 777/956/464 778/958/464
f 756/934/465 755/959/465 771/960/465
f 981/961/466 770/936/466 785/957/466
f 764/938/467 763/937/467 778/958/467 779/962/467
f 757/939/468 756/934/468 771/960/468 772/963/468
f 765/940/469 764/938/469 779/962/469 780/964/469
f 758/941/470 757/939/470 772/963/470 773/965/470
f 766/942/471 765/940/471 780/964/471 781/966/471
f 759/943/472 758/941/472 773/965/472 774/950/472
f 767/944/473 766/942/473 781/966/473 782/952/473
f 779/962/474 778/958/474 793/967/474 794/968/474
f 772/963/475 771/960/475 786/969/475 787/970/475
f 780/964/476 779/962/476 794/968/476 795/971/476
f 773/965/477 772/963/477 787/970/477 788/972/477
f 781/966/478 780/964/478 795/971/478 796/973/478
f 774/950/479 773/965/479 788/972/479 789/974/479
f 782/952/480 781/966/480 796/973/480 797/975/480
f 775/951/481 774/950/481 789/974/481 790/976/481
f 783/953/482 782/952/482 797/975/482 798/977/482
f 776/954/483 775/951/483 790/976/483 791/978/483
f 784/955/484 783/953/484 798/977/484 799/979/484
f 777/956/485 776/954/485 791/978/485 792/980/485
f 785/957/486 784/955/486 799/979/486 800/981/486
f 778/958/487 777/956/487 792/980/487 793/967/487
f 771/960/488 755/982/488 786/969/488
f 981/983/489 785/957/489 800/981/489
f 798/977/490 797/975/490 812/984/490 813/985/490
f 791/978/491 790/976/491 805/986/491 806/987/491
f 799/979/492 798/977/492 813/985/492 814/988/492
f 792/980/493 791/978/493 806/987/493 807/989/493
f 800/981/494 799/979/494 814/988/494 815/990/494
f 793/967/495 792/980/495 807/989/495 808/991/495
f 786/969/496 755/992/496 801/993/496
f 981/994/497 800/981/497 815/990/497
f 794/968/498 793/967/498 808/991/498 809/995/498
f 787/970/499 786/969/499 801/993/499 802/996/499
f 795/971/500 794/968/500 809/995/500 810/997/500
f 788/972/501 787/970/501 802/996/501 803/998/501
f 796/973/502 795/971/502 810/997/502 811/999/502
f 789/974/503 788/972/503 803/998/503 804/1000/503
f 797/975/504 796/973/504 811/999/504 812/984/504
f 790/976/505 789/974/505 804/1000/505 805/986/505
f 810/997/506 809/995/506 824/1001/506 825/1002/506
f 803/998/507 802/996/507 817/1003/507 818/1004/507
f 811/999/508 810/997/508 825/1002/508 826/1005/508
f 804/1000/509 803/998/509 818/1004/509 819/1006/509
f 812/984/510 811/999/510 826/1005/510 827/1007/510
f 805/986/511 804/1000/511 819/1006/511 820/1008/511
f 813/985/512 812/984/512 827/1007/512 828/1009/512
f 806/987/513 805/986/513 820/1008/513 821/1010/513
f 814/988/514 813/985/514 828/1009/514 829/1011/514
f 807/989/515 806/987/515 821/1010/515 822/1012/515
f 815/990/516 814/988/516 829/1011/516 830/1013/516
f 808/991/517 807/989/517 822/1012/517 823/1014/517
f 801/993/518 755/1015/518 816/1016/518
f 981/1017/519 815/990/519 830/1013/519
f 809/995/520 808/991/520 823/1014/520 824/1001/520
f 802/996/521 801/993/521 816/1016/521 817/1003/521
f 829/1011/522 828/1009/522 843/1018/522 844/1019/522
f 822/1012/523 821/1010/523 836/1020/523 837/1021/523
f 830/1013/524 829/1011/524 844/1019/524 845/1022/524
f 823/1014/525 822/1012/525 837/1021/525 838/1023/525
f 816/1016/526 755/1024/526 831/1025/526
f 981/1026/527 830/1013/527 845/1022/527
f 824/1001/528 823/1014/528 838/1023/528 839/1027/528
f 817/1003/529 816/1016/529 831/1025/529 832/1028/529
f 825/1002/530 824/1001/530 839/1027/530 840/1029/530
f 818/1004/531 817/1003/531 832/1028/531 833/1030/531
f 826/1005/532 825/1002/532 840/1029/532 841/1031/532
f 819/1006/533 818/1004/533 833/1030/533 834/1032/533
f 827/1007/534 826/1005/534 841/1031/534 842/1033/534
f 820/1008/535 819/1006/535 834/1032/535 835/1034/535
f 828/1009/536 827/1007/536 842/1033/536 843/1018/536
f 821/1010/537 820/1008/537 835/1034/537 836/1020/537
f 833/1030/538 832/1028/538 847/1035/538 848/1036/538
f 841/1031/539 840/1029/539 855/1037/539 856/1038/539
f 834/1032/540 833/1030/540 848/1036/540 849/1039/540
f 842/1033/541 841/1031/541 856/1038/541 857/1040/541
f 835/1034/542 834/1032/542 849/1039/542 850/1041/542
f 843/1018/543 842/1033/543 857/1040/543 858/1042/543
f 836/1020/544 835/1034/544 850/1041/544 851/1043/544
f 844/1019/545 843/1018/545 858/1042/545 859/1044/545
f 837/1021/546 836/1020/546 851/1043/546 852/1045/546
f 845/1022/547 844/1019/547 859/1044/547 860/1046/547
f 838/1023/548 837/1021/548 852/1045/548 853/1047/548
f 831/1025/549 755/1048/549 846/1049/549
f 981/1050/550 845/1022/550 860/1046/550
f 839/1027/551 838/1023/551 853/1047/551 854/1051/551
f 832/1028/552 831/1025/552 846/1049/552 847/1035/552
f 840/1029/553 839/1027/553 854/1051/553 855/1037/553
f 852/1045/554 851/1043/554 866/1052/554 867/1053/554
f 860/1046/555 859/1044/555 874/1054/555 875/1055/555
f 853/1047/556 852/1045/556 867/1053/556 868/1056/556
f 846/1049/557 755/1057/557 861/1058/557
f 981/1059/558 860/1046/558 875/1055/558
f 854/1051/559 853/1047/559 868/1056/559 869/1060/559
f 847/1035/560 846/1049/560 861/1058/560 862/1061/560
f 855/1037/561 854/1051/561 869/1060/561 870/1062/561
f 848/1036/562 847/1035/562 862/1061/562 863/1063/562
f 856/1038/563 855/1037/563 870/1062/563 871/1064/563
f 849/1039/564 848/1036/564 863/1063/564 864/1065/564
f 857/1040/565 856/1038/565 871/1064/565 872/1066/565
f 850/1041/566 849/1039/566 864/1065/566 865/1067/566
f 858/1042/567 857/1040/567 872/1066/567 873/1068/567
f 851/1043/568 850/1041/568 865/1067/568 866/1052/568
f 859/1044/569 858/1042/569 873/1068/569 874/1054/569
f 871/1064/570 870/1062/570 885/1069/570 886/1070/570
f 864/1065/571 863/1063/571 878/1071/571 879/1072/571
f 872/1066/572 871/1064/572 886/1070/572 887/1073/572
f 865/1067/573 864/1065/573 879/1072/573 880/1074/573
f 873/1068/574 872/1066/574 887/1073/574 888/1075/574
f 866/1052/575 865/1067/575 880/1074/575 881/1076/575
f 874/1054/576 873/1068/576 888/1075/576 889/1077/576
f 867/1053/577 866/1052/577 881/1076/577 882/1078/577
f 875/1055/578 874/1054/578 889/1077/578 890/1079/578
f 868/1056/579 867/1053/579 882/1078/579 883/1080/579
f 861/1058/580 755/1081/580 876/1082/580
f 981/1083/581 875/1055/581 890/1079/581
f 869/1060/582 868/1056/582 883/1080/582 884/1084/582
f 862/1061/583 861/1058/583 876/1082/583 877/1085/583
f 870/1062/584 869/1060/584 884/1084/584 885/1069/584
f 863/1063/585 862/1061/585 877/1085/585 878/1071/585
f 890/1079/586 889/1077/586 904/1086/586 905/1087/586
f 883/1080/587 882/1078/587 897/1088/587 898/1089/587
f 876/1082/588 755/1090/588 891/1091/588
f 981/1092/589 890/1079/589 905/1087/589
f 884/1084/590 883/1080/590 898/1089/590 899/1093/590
f 877/1085/591 876/1082/591 891/1091/591 892/1094/591
f 885/1069/592 884/1084/592 899/1093/592 900/1095/592
f 878/1071/593 877/1085/593 892/1094/593 893/1096/593
f 886/1070/594 885/1069/594 900/1095/594 901/1097/594
f 879/1072/595 878/1071/595 893/1096/595 894/1098/595
f 887/1073/596 886/1070/596 901/1097/596 902/1099/596
f 880/1074/597 879/1072/597 894/1098/597 895/1100/597
f 888/1075/598 887/1073/598 902/1099/598 903/1101/598
f 881/1076/599 880/1074/599 895/1100/599 896/1102/599
f 889/1077/600 888/1075/600 903/1101/600 904/1086/600
f 882/1078/601 881/1076/601 896/1102/601 897/1088/601
f 894/1098/602 893/1096/602 908/1103/602 909/1104/602
f 902/1099/603 901/1097/603 916/1105/603 917/1106/603
f 895/1100/604 894/1098/604 909/1104/604 910/1107/604
f 903/1101/605 902/1099/605 917/1106/605 918/1108/605
f 896/1102/606 895/1100/606 910/1107/606 911/1109/606
f 904/1086/607 903/1101/607 918/1108/607 919/1110/607
f 897/1088/608 896/1102/608 911/1109/608 912/1111/608
f 905/1087/609 904/1086/609 919/1110/609 920/1112/609
f 898/1089/610 897/1088/610 912/1111/610 913/1113/610
f 891/1091/611 755/1114/611 906/1115/611
f 981/1116/612 905/1087/612 920/1112/612
f 899/1093/613 898/1089/613 913/1113/613 914/1117/613
f 892/1094/614 891/1091/614 906/1115/614 907/1118/614
f 900/1095/615 899/1093/615 914/1117/615 915/1119/615
f 893/1096/616 892/1094/616 907/1118/616 908/1103/616
f 901/1097/617 900/1095/617 915/1119/617 916/1105/617
f 913/1113/618 912/1111/618 927/1120/618 928/1121/618
f 906/1115/619 755/1122/619 921/1123/619
f 981/1124/620 920/1112/620 935/1125/620
f 914/1117/621 913/1113/621 928/1121/621 929/1126/621
f 907/1118/622 906/1115/622 921/1123/622 922/1127/622
f 915/1119/623 914/1117/623 929/1126/623 930/1128/623
f 908/1103/624 907/1118/624 922/1127/624 923/1129/624
f 916/1105/625 915/1119/625 930/1128/625 931/1130/625
f 909/1104/626 908/1103/626 923/1129/626 924/1131/626
f 917/1106/627 916/1105/627 931/1130/627 932/1132/627
f 910/1107/628 909/1104/628 924/1131/628 925/1133/628
f 918/1108/629 917/1106/629 932/1132/629 933/1134/629
f 911/1109/630 910/1107/630 925/1133/630 926/1135/630
f 919/1110/631 918/1108/631 933/1134/631 934/1136/631
f 912/1111/632 911/1109/632 926/1135/632 927/1120/632
f 920/1112/633 919/1110/633 934/1136/633 935/1125/633
f 932/1132/634 931/1130/634 946/1137/634 947/1138/634
f 925/1133/635 924/1131/635 939/1139/635 940/1140/635
f 933/1134/636 932/1132/636 947/1138/636 948/1141/636
f 926/1135/637 925/1133/637 940/1140/637 941/1142/637
f 934/1136/638 933/1134/638 948/1141/638 949/1143/638
f 927/1120/639 926/1135/639 941/1142/639 942/1144/639
f 935/1125/640 934/1136/640 949/1143/640 950/1145/640
f 928/1121/641 927/1120/641 942/1144/641 943/1146/641
f 921/1123/642 755/1147/642 936/1148/642
f 981/1149/643 935/1125/643 950/1145/643
f 929/1126/644 928/1121/644 943/1146/644 944/1150/644
f 922/1127/645 921/1123/645 936/1148/645 937/1151/645
f 930/1128/646 929/1126/646 944/1150/646 945/1152/646
f 923/1129/647 922/1127/647 937/1151/647 938/1153/647
f 931/1130/648 930/1128/648 945/1152/648 946/1137/648
f 924/1131/649 923/1129/649 938/1153/649 939/1139/649
f 981/1154/650 950/1145/650 965/1155/650
f 944/1150/651 943/1146/651 958/1156/651 959/1157/651
f 937/1151/652 936/1148/652 951/1158/652 952/1159/652
f 945/1152/653 944/1150/653 959/1157/653 960/1160/653
f 938/1153/654 937/1151/654 952/1159/654 953/1161/654
f 946/1137/655 945/1152/655 960/1160/655 961/1162/655
f 939/1139/656 938/1153/656 953/1161/656 954/1163/656
f 947/1138/657 946/1137/657 961/1162/657 962/1164/657
f 940/1140/658 939/1139/658 954/1163/658 955/1165/658
f 948/1141/659 947/1138/659 962/1164/659 963/1166/659
f 941/1142/660 940/1140/660 955/1165/660 956/1167/660
f 949/1143/661 948/1141/661 963/1166/661 964/1168/661
f 942/1144/662 941/1142/662 956/1167/662 957/1169/662
f 950/1145/663 949/1143/663 964/1168/663 965/1155/663
f 943/1146/664 942/1144/664 957/1169/664 958/1156/664
f 936/1148/665 755/1170/665 951/1158/665
f 963/1166/666 962/1164/666 977/1171/666 978/1172/666
f 956/1167/667 955/1165/667 970/1173/667 971/1174/667
f 964/1168/668 963/1166/668 978/1172/668 979/1175/668
f 957/1169/669 956/1167/669 971/1174/669 972/1176/669
f 965/1155/670 964/1168/670 979/1175/670 980/1177/670
f 958/1156/671 957/1169/671 972/1176/671 973/1178/671
f 951/1158/672 755/1179/672 966/1180/672
f 981/1181/673 965/1155/673 980/1177/673
f 959/1157/674 958/1156/674 973/1178/674 974/1182/674
f 952/1159/675 951/1158/675 966/1180/675 967/1183/675
f 960/1160/676 959/1157/676 974/1182/676 975/1184/676
f 953/1161/677 952/1159/677 967/1183/677 968/1185/677
f 961/1162/678 960/1160/678 975/1184/678 976/1186/678
f 954/1163/679 953/1161/679 968/1185/679 969/1187/679
f 962/1164/680 961/1162/680 976/1186/680 977/1171/680
f 955/1165/681 954/1163/681 969/1187/681 970/1173/681
f 967/1183/682 966/1180/682 982/1188/682 983/1189/682
f 975/1184/683 974/1182/683 990/1190/683 991/1191/683
f 968/1185/684 967/1183/684 983/1189/684 984/1192/684
f 976/1186/685 975/1184/685 991/1191/685 992/1193/685
f 969/1187/686 968/1185/686 984/1192/686 985/1194/686
f 977/1171/687 976/1186/687 992/1193/687 993/1195/687
f 970/1173/688 969/1187/688 985/1194/688 986/1196/688
f 978/1172/689 977/1171/689 993/1195/689 994/1197/689
f 971/1174/690 970/1173/690 986/1196/690 987/1198/690
f 979/1175/691 978/1172/691 994/1197/691 995/1199/691
f 972/1176/692 971/1174/692 987/1198/692 988/1200/692
f 980/1177/693 979/1175/693 995/1199/693 996/1201/693
f 973/1178/694 972/1176/694 988/1200/694 989/1202/694
f 966/1180/695 755/1203/695 982/1188/695
f 981/1204/696 980/1177/696 996/1201/696
f 974/1182/697 973/1178/697 989/1202/697 990/1190/697
f 987/1198/698 986/1196/698 1001/1205/698 1002/1206/698
f 995/1199/699 994/1197/699 1009/1207/699 1010/1208/699
f 988/1200/700 987/1198/700 1002/1206/700 1003/1209/700
f 996/1201/701 995/1199/701 1010/1208/701 1011/1210/701
f 989/1202/702 988/1200/702 1003/1209/702 1004/1211/702
f 982/1188/703 755/1212/703 997/1213/703
f 981/1214/704 996/1201/704 1011/1210/704
f 990/1190/705 989/1202/705 1004/1211/705 1005/1215/705
f 983/1189/706 982/1188/706 997/1213/706 998/1216/706
f 991/1191/707 990/1190/707 1005/1215/707 1006/1217/707
f 984/1192/708 983/1189/708 998/1216/708 999/1218/708
f 992/1193/709 991/1191/709 1006/1217/709 1007/1219/709
f 985/1194/710 984/1192/710 999/1218/710 1000/1220/710
f 993/1195/711 992/1193/711 1007/1219/711 1008/1221/711
f 986/1196/712 985/1194/712 1000/1220/712 1001/1205/712
f 994/1197/713 993/1195/713 1008/1221/713 1009/1207/713
f 1006/1217/714 1005/1215/714 1020/1222/714 1021/1223/714
f 999/1218/715 998/1216/715 1013/1224/715 1014/1225/715
f 1007/1219/716 1006/1217/716 1021/1223/716 1022/1226/716
f 1000/1220/717 999/1218/717 1014/1225/717 1015/1227/717
f 1008/1221/718 1007/1219/718 1022/1226/718 1023/1228/718
f 1001/1205/719 1000/1220/719 1015/1227/719 1016/1229/719
f 1009/1207/720 1008/1221/720 1023/1228/720 1024/1230/720
f 1002/1206/721 1001/1205/721 1016/1229/721 1017/1231/721
f 1010/1208/722 1009/1207/722 1024/1230/722 1025/1232/722
f 1003/1209/723 1002/1206/723 1017/1231/723 1018/1233/723
f 1011/1210/724 1010/1208/724 1025/1232/724 1026/1234/724
f 1004/1211/725 1003/1209/725 1018/1233/725 1019/1235/725
f 997/1213/726 755/1236/726 1012/1237/726
f 981/1238/727 1011/1210/727 1026/1234/727
f 1005/1215/728 1004/1211/728 1019/1235/728 1020/1222/728
f 998/1216/729 997/1213/729 1012/1237/729 1013/1224/729
f 1025/1232/730 1024/1230/730 1039/1239/730 1040/1240/730
f 1018/1233/731 1017/1231/731 1032/1241/731 1033/1242/731
f 1026/1234/732 1025/1232/732 1040/1240/732 1041/1243/732
f 1019/1235/733 1018/1233/733 1033/1242/733 1034/1244/733
f 1012/1237/734 755/1245/734 1027/1246/734
f 981/1247/735 1026/1234/735 1041/1243/735
f 1020/1222/736 1019/1235/736 1034/1244/736 1035/1248/736
f 1013/1224/737 1012/1237/737 1027/1246/737 1028/1249/737
f 1021/1223/738 1020/1222/738 1035/1248/738 1036/1250/738
f 1014/1225/739 1013/1224/739 1028/1249/739 1029/1251/739
f 1022/1226/740 1021/1223/740 1036/1250/740 1037/1252/740
f 1015/1227/741 1014/1225/741 1029/1251/741 1030/1253/741
f 1023/1228/742 1022/1226/742 1037/1252/742 1038/1254/742
f 1016/1229/743 1015/1227/743 1030/1253/743 1031/1255/743
f 1024/1230/744 1023/1228/744 1038/1254/744 1039/1239/744
f 1017/1231/745 1016/1229/745 1031/1255/745 1032/1241/745
f 1029/1256/746 1028/1257/746 1043/1258/746 1044/1259/746
f 1037/1260/747 1036/1261/747 1051/1262/747 1052/1263/747
f 1030/1264/748 1029/1256/748 1044/1259/748 1045/1265/748
f 1038/1266/749 1037/1260/749 1052/1263/749 1053/1267/749
f 1031/1268/750 1030/1264/750 1045/1265/750 1046/1269/750
f 1039/1270/751 1038/1266/751 1053/1267/751 1054/1271/751
f 1032/1272/752 1031/1268/752 1046/1269/752 1047/1273/752
f 1040/1274/753 1039/1270/753 1054/1271/753 1055/1275/753
f 1033/1276/754 1032/1272/754 1047/1273/754 1048/1277/754
f 1041/1278/755 1040/1274/755 1055/1275/755 1056/1279/755
f 1034/1280/756 1033/1276/756 1048/1277/756 1049/1281/756
f 1027/1282/757 755/1283/757 1042/1284/757
f 981/1285/758 1041/1278/758 1056/1279/758
f 1035/1286/759 1034/1280/759 1049/1281/759 1050/1287/759
f 1028/1257/760 1027/1282/760 1042/1284/760 1043/1258/760
f 1036/1261/761 1035/1286/761 1050/1287/761 1051/1262/761
f 1048/1277/762 1047/1273/762 1062/1288/762 1063/1289/762
f 1056/1279/763 1055/1275/763 1070/1290/763 1071/1291/763
f 1049/1281/764 1048/1277/764 1063/1289/764 1064/1292/764
f 1042/1284/765 755/1293/765 1057/1294/765
f 981/1295/766 1056/1279/766 1071/1291/766
f 1050/1287/767 1049/1281/767 1064/1292/767 1065/1296/767
f 1043/1258/768 1042/1284/768 1057/1294/768 1058/1297/768
f 1051/1262/769 1050/1287/769 1065/1296/769 1066/1298/769
f 1044/1259/770 1043/1258/770 1058/1297/770 1059/1299/770
f 1052/1263/771 1051/1262/771 1066/1298/771 1067/1300/771
f 1045/1265/772 1044/1259/772 1059/1299/772 1060/1301/772
f 1053/1267/773 1052/1263/773 1067/1300/773 1068/1302/773
f 1046/1269/774 1045/1265/774 1060/1301/774 1061/1303/774
f 1054/1271/775 1053/1267/775 1068/1302/775 1069/1304/775
f 1047/1273/776 1046/1269/776 1061/1303/776 1062/1288/776
f 1055/1275/777 1054/1271/777 1069/1304/777 1070/1290/777
f 1067/1300/778 1066/1298/778 1081/1305/778 1082/1306/778
f 1060/1301/779 1059/1299/779 1074/1307/779 1075/1308/779
f 1068/1302/780 1067/1300/780 1082/1306/780 1083/1309/780
f 1061/1303/781 1060/1301/781 1075/1308/781 1076/1310/781
f 1069/1304/782 1068/1302/782 1083/1309/782 1084/1311/782
f 1062/1288/783 1061/1303/783 1076/1310/783 1077/1312/783
f 1070/1290/784 1069/1304/784 1084/1311/784 1085/1313/784
f 1063/1289/785 1062/1288/785 1077/1312/785 1078/1314/785
f 1071/1291/786 1070/1290/786 1085/1313/786 1086/1315/786
f 1064/1292/787 1063/1289/787 1078/1314/787 1079/1316/787
f 1057/1294/788 755/1317/788 1072/1318/788
f 981/1319/789 1071/1291/789 1086/1315/789
f 1065/1296/790 1064/1292/790 1079/1316/790 1080/1320/790
f 1058/1297/791 1057/1294/791 1072/1318/791 1073/1321/791
f 1066/1298/792 1065/1296/792 1080/1320/792 1081/1305/792
f 1059/1299/793 1058/1297/793 1073/1321/793 1074/1307/793
f 1086/1315/794 1085/1313/794 1100/1322/794 1101/1323/794
f 1079/1316/795 1078/1314/795 1093/1324/795 1094/1325/795
f 1072/1318/796 755/1326/796 1087/1327/796
f 981/1328/797 1086/1315/797 1101/1323/797
f 1080/1320/798 1079/1316/798 1094/1325/798 1095/1329/798
f 1073/1321/799 1072/1318/799 1087/1327/799 1088/1330/799
f 1081/1305/800 1080/1320/800 1095/1329/800 1096/1331/800
f 1074/1307/801 1073/1321/801 1088/1330/801 1089/1332/801
f 1082/1306/802 1081/1305/802 1096/1331/802 1097/1333/802
f 1075/1308/803 1074/1307/803 1089/1332/803 1090/1334/803
f 1083/1309/804 1082/1306/804 1097/1333/804 1098/1335/804
f 1076/1310/805 1075/1308/805 1090/1334/805 1091/1336/805
f 1084/1311/806 1083/1309/806 1098/1335/806 1099/1337/806
f 1077/1312/807 1076/1310/807 1091/1336/807 1092/1338/807
f 1085/1313/808 1084/1311/808 1099/1337/808 1100/1322/808
f 1078/1314/809 1077/1312/809 1092/1338/809 1093/1324/809
f 1098/1335/810 1097/1333/810 1112/1339/810 1113/1340/810
f 1091/1336/811 1090/1334/811 1105/1341/811 1106/1342/811
f 1099/1337/812 1098/1335/812 1113/1340/812 1114/1343/812
f 1092/1338/813 1091/1336/813 1106/1342/813 1107/1344/813
f 1100/1322/814 1099/1337/814 1114/1343/814 1115/1345/814
f 1093/1324/815 1092/1338/815 1107/1344/815 1108/1346/815
f 1101/1323/816 1100/1322/816 1115/1345/816 1116/1347/816
f 1094/1325/817 1093/1324/817 1108/1346/817 1109/1348/817
f 1087/1327/818 755/1349/818 1102/1350/818
f 981/1351/819 1101/1323/819 1116/1347/819
f 1095/1329/820 1094/1325/820 1109/1348/820 1110/1352/820
f 1088/1330/821 1087/1327/821 1102/1350/821 1103/1353/821
f 1096/1331/822 1095/1329/822 1110/1352/822 1111/1354/822
f 1089/1332/823 1088/1330/823 1103/1353/823 1104/1355/823
f 1097/1333/824 1096/1331/824 1111/1354/824 1112/1339/824
f 1090/1334/825 1089/1332/825 1104/1355/825 1105/1341/825
f 1102/1350/826 755/1356/826 1117/1357/826
f 981/1358/827 1116/1347/827 1131/1359/827
f 1110/1352/828 1109/1348/828 1124/1360/828 1125/1361/828
f 1103/1353/829 1102/1350/829 1117/1357/829 1118/1362/829
f 1111/1354/830 1110/1352/830 1125/1361/830 1126/1363/830
f 1104/1355/831 1103/1353/831 1118/1362/831 1119/1364/831
f 1112/1339/832 1111/1354/832 1126/1363/832 1127/1365/832
f 1105/1341/833 1104/1355/833 1119/1364/833 1120/1366/833
f 1113/1340/834 1112/1339/834 1127/1365/834 1128/1367/834
f 1106/1342/835 1105/1341/835 1120/1366/835 1121/1368/835
f 1114/1343/836 1113/1340/836 1128/1367/836 1129/1369/836
f 1107/1344/837 1106/1342/837 1121/1368/837 1122/1370/837
f 1115/1345/838 1114/1343/838 1129/1369/838 1130/1371/838
f 1108/1346/839 1107/1344/839 1122/1370/839 1123/1372/839
f 1116/1347/840 1115/1345/840 1130/1371/840 1131/1359/840
f 1109/1348/841 1108/1346/841 1123/1372/841 1124/1360/841
f 1121/1368/842 1120/1366/842 1135/1373/842 1136/1374/842
f 1129/1369/843 1128/1367/843 1143/1375/843 1144/1376/843
f 1122/1370/844 1121/1368/844 1136/1374/844 1137/1377/844
f 1130/1371/845 1129/1369/845 1144/1376/845 1145/1378/845
f 1123/1372/846 1122/1370/846 1137/1377/846 1138/1379/846
f 1131/1359/847 1130/1371/847 1145/1378/847 1146/1380/847
f 1124/1360/848 1123/1372/848 1138/1379/848 1139/1381/848
f 1117/1357/849 755/1382/849 1132/1383/849
f 981/1384/850 1131/1359/850 1146/1380/850
f 1125/1361/851 1124/1360/851 1139/1381/851 1140/1385/851
f 1118/1362/852 1117/1357/852 1132/1383/852 1133/1386/852
f 1126/1363/853 1125/1361/853 1140/1385/853 1141/1387/853
f 1119/1364/854 1118/1362/854 1133/1386/854 1134/1388/854
f 1127/1365/855 1126/1363/855 1141/1387/855 1142/1389/855
f 1120/1366/856 1119/1364/856 1134/1388/856 1135/1373/856
f 1128/1367/857 1127/1365/857 1142/1389/857 1143/1375/857
f 1140/1385/858 1139/1381/858 677/840/858 678/839/858
f 1133/1386/859 1132/1383/859 1147/833/859 1148/843/859
f 1141/1387/860 1140/1385/860 678/839/860 1151/845/860
f 1134/1388/861 1133/1386/861 1148/843/861 674/847/861
f 1142/1389/862 1141/1387/862 1151/845/862 679/849/862
f 1135/1373/863 1134/1388/863 674/847/863 1149/851/863
f 1143/1375/864 1142/1389/864 679/849/864 1152/853/864
f 1136/1374/865 1135/1373/865 1149/851/865 675/855/865
f 1144/1376/866 1143/1375/866 1152/853/866 1153/857/866
f 1137/1377/867 1136/1374/867 675/855/867 1150/859/867
f 1145/1378/868 1144/1376/868 1153/857/868 1154/861/868
f 1138/1379/869 1137/1377/869 1150/859/869 676/863/869
f 1146/1380/870 1145/1378/870 1154/861/870 1155/837/870
f 1139/1381/871 1138/1379/871 676/863/871 677/840/871
f 1132/1383/872 755/1390/872 1147/833/872
f 981/1391/873 1146/1380/873 1155/837/873
